Do I Wanna Know?,Arctic Monkeys,5FVd6KXrgO9B3JPmC8OPst
R U Mine?,Arctic Monkeys,2AT8iROs4FQueDv2c8q2KE
One For The Road,Arctic Monkeys,6wNUBZNWFxdUGof6vkaykE
Arabella,Arctic Monkeys,7nzsY8vlnKdvGOEE0rjAXZ
I Want It All,Arctic Monkeys,1j9rezdE3YeC7yktZXC1em
No. 1 Party Anthem,Arctic Monkeys,5TTGoX70AFrTvuEtqHK37S
Mad Sounds,Arctic Monkeys,75n7mraeMycQOl2sDGYaTe
Fireside,Arctic Monkeys,4atMrAadB7dS8xn9vfk9PQ
Why'd You Only Call Me When You're High?,Arctic Monkeys,086myS9r57YsLbJpU0TgK9
Snap Out Of It,Arctic Monkeys,0NdTUS4UiNYCNn5FgVqKQY
Knee Socks,Arctic Monkeys,2LGdO5MtFdyphi2EihANZG
I Wanna Be Yours,Arctic Monkeys,5XeFesFbtLpXzIVDNQP22n
My Propeller,Arctic Monkeys,0IiQ3gvsK7OTYoDvBUKukm
Crying Lightning,Arctic Monkeys,21sa0bWFqOFEYPtahlt4Lt
Dangerous Animals,Arctic Monkeys,141YScqYkYhHPpqWhIBebc
Secret Door,Arctic Monkeys,7IUBw7EUgcjzGV6zv9fkLX
Potion Approaching,Arctic Monkeys,7q5KN70dTwTyEEE4BwiXH6
Fire And The Thud,Arctic Monkeys,0NRKxPwH8VdG3Se5YWPqF7
Cornerstone,Arctic Monkeys,3MC4XRbQADJdW9IIIwbe2u
Dance Little Liar,Arctic Monkeys,61OkcfgMfjlJQ7MJPU0HLz
Pretty Visitors,Arctic Monkeys,3oWnxFT2m7atFLTXXFJppc
The Jeweller's Hands,Arctic Monkeys,2JzFqSq7CDPnY8O4809EAC
Brianstorm,Arctic Monkeys,5rTIpPWeO0IL4HWlGWrz5G
Teddy Picker,Arctic Monkeys,4OkPamOn5GofkOQu64Z4eR
D Is For Dangerous,Arctic Monkeys,45QyGXbqTWaFUrIKe2ugs3
Balaclava,Arctic Monkeys,11DdPGqDsM3ux1gVAqUIln
Fluorescent Adolescent,Arctic Monkeys,7e8utCy2JlSB8dRHKi49xM
Only Ones Who Know,Arctic Monkeys,7ABWRukVQcXrIrDKDx5Gek
Do Me A Favour,Arctic Monkeys,13NCxLOlvQ4Tnexgfp03Gs
This House Is A Circus,Arctic Monkeys,7gPd55hW5pVjTm3H9S1Wbv
If You Were There Beware,Arctic Monkeys,0ZUXj43fteJjwvGoLMntte
The Bad Thing,Arctic Monkeys,48ucaKjccruxDbi3Au5ZaH
Old Yellow Bricks,Arctic Monkeys,3BcQFPRZuuUClWStz29WjN
No Buses,Arctic Monkeys,4bKpnMKt2vBOQ1wZHGEJJO
Love It If We Made It,The 1975,0ORgAzmFh8N97SseJvmqgC
Love Me,The 1975,5hRzAbY2AAO258hL6oqsqO
UGH!,The 1975,5vgdeMt4uKUN2BeltZjoDh
A Change Of Heart,The 1975,035QPHPAcqApSGMMcogT45
She's American,The 1975,51cd3bzVmLAjlnsSZn4ecW
If I Believe You,The 1975,2J3ajGI1sVj9wnqThJHwPS
Please Be Naked,The 1975,0UyfKV5iafZCCtQxRBbe85
Lostmyhead,The 1975,37PSljWwMyg3JhqWma3Wai
The Ballad Of Me And My Brain,The 1975,54XGKvGZwA7xB3Uu5vef0C
Somebody Else,The 1975,5hc71nKsUgtwQ3z52KEKQk
Loving Someone,The 1975,4p1pxmqtPtPHqWbOd2RgXu
I like it when you sleep for you are so beautiful yet so unaware of it,The 1975,3OF76yx8CGiDwzSCT3BeDv
The Sound,The 1975,316r1KLN0bcmpr7TZcMCXT
This Must Be My Dream,The 1975,6OPOa3qlKoDUzGpS8MrcLi
Paris,The 1975,59RNdFA4oFNIvTIvaBxqgQ
Nana,The 1975,1JmLA5HZ7Wp7L8DNctLpUW
She Lays Down,The 1975,7Esd9ROfkgPgBtWN72U5P5
The City,The 1975,0a612uSmQ7zXV54buD9LSn
M.O.N.E.Y.,The 1975,4ehjV3FF2eehHdt91Bx2LX
Chocolate,The 1975,44Ljlpy44mHvLJxcYUvTK0
Sex,The 1975,0wIFAHbaUucA8mog7Y2IDD
Talk!,The 1975,6IGmJY5zrTC4HF31CP2Dhj
An Encounter,The 1975,2hWo08miXIpr0QphDeTTiV
Heart Out,The 1975,3srofwWlFzNqgSmRI9YbFY
Settle Down,The 1975,36YLqJHsNHHODwX5gDPEBb
Robbers,The 1975,6BkUBVHoGXjOF3bpBkQ4aP
Girls,The 1975,6d8jFIWMRwhVYe7SCQwlqL
She Way Out,The 1975,4XVaKcjTMKPY1z5x9fCBbp
Menswear,The 1975,016jIui162qwzuYcIJzXat
Pressure,The 1975,6tKBCvbaUoBRPk5kHH836j
Is There Somebody Who Can Watch You,The 1975,5vTRduHPw2BumSJTcaNm2E
Fitzpleasure,alt-J,7DdXf9x75iEVCHWfoRwRuR
My Old Man,Mac DeMarco,4c7k0jGOFR1OraHvE3BszV
This Old Dog,Mac DeMarco,1KTMZ2DeqT4oqIJ7Co5F6R
Baby You're Out,Mac DeMarco,18nwOqwVCo7JFOci9uqBLD
For the First Time,Mac DeMarco,4LB5cNN7f18wIJA2RU4iIO
One Another,Mac DeMarco,4xF9zRaPdnrLU7QmVMKOzR
Still Beating,Mac DeMarco,2N4idqj9TT3HnH2OFT9j0v
Sister,Mac DeMarco,2Wsgcbi4ZlAtua74Hitvmk
Dreams from Yesterday,Mac DeMarco,0mGJYajNW8Y4T9NxnD6P79
A Wolf Who Wears Sheeps Clothes,Mac DeMarco,1xpnkMYroPcpCwQmf9Z5sS
One More Love Song,Mac DeMarco,6l91G5h57AW47LDPMuJSST
On the Level,Mac DeMarco,36rqjSUBaArtMBLWrzwInc
Moonlight on the River,Mac DeMarco,1yCJHs8UFfmqMujayg9i5y
Watching Him Fade Away,Mac DeMarco,4q0CeoDsBdFYCDDj3a6Jej
Passed You By,Chicano Batman,2akzXyt7EnYgDd7WSkqZts
Friendship (Is A Small Boat In A Storm),Chicano Batman,1YmrCJdjUj81VXbqGVn7HC
Angel Child,Chicano Batman,3t6nSGHd43N2ixrq7Sqopx
Freedom Is Free,Chicano Batman,6UQg5vThA2emfqeZLa7dcT
La Jura - Prelude,Chicano Batman,1Ykn99fduqla8iUbRt4X5x
La Jura,Chicano Batman,41bN3RpdiA7tpEGDE5v7p9
Flecha Al Sol,Chicano Batman,2bkhLlDsJnn6vFqo8Bunwf
Jealousy,Chicano Batman,6JlyyO2gDqN0Pr3Vu3CUll
Right Off The Back,Chicano Batman,5MXFLNRW7mqJSzLi4xQzqF
Run,Chicano Batman,43ouKEbDr397DJEd0Oe2ap
The Taker Story,Chicano Batman,6l6fi3lsG4rJcGBjrkArPp
Area C,Chicano Batman,4LbEOORyHyoG5U2acUmmbF
Black Lipstick,Chicano Batman,2wsW7FXHByxfP6Qzwf4iaj
El Frio,Chicano Batman,2RU3BzX7PFSgV9iDv9Qroi
Cycles of Existential Rhyme,Chicano Batman,6rpi77GqamZNoltbZ5ksdi
Lisandreando,Chicano Batman,1JtxNBtlXM3XdfiNwHRwb7
El Jalapeno,Chicano Batman,6lLGSsIGXS8lSK31XYOEew
She Lives On My Block,Chicano Batman,7kBhjkSeiggqtWbLutvJlI
El Frio II,Chicano Batman,7q2hP24bn4VmmwHmK89Ynt
Fantasia,Chicano Batman,0EkRiaSjVR6njfczmpMd8P
Bilbao,Chicano Batman,1dyYg8PA15bGezBbu9RP5s
Amor Verde,Chicano Batman,2qIV6BuKqYLJWzBBqHZrVG
A Cool Blessing,Chicano Batman,3GFvV2zSr7duChu9q9bT3u
Magma,Chicano Batman,1rUIpUlWtztoo3rVAuSTH4
Stoned Soul Picnic,Chicano Batman,2TtfZ8mzvb45VzPvzOatjr
Wednesday Morning,Chicano Batman,7MHaTbkKCOIft9NfMBVWRp
Para Agradecer,Chicano Batman,4P9qJdsEiLntnK2LWJEq0u
Still Lovely,Banes World,02rdJEj79nn2HCSMmsb8dY
You Bet I Stare,Banes World,5OimwnYY2jWdXc3166rJSh
Stay Away from My Baby,Banes World,2s1tc8yYKf0QAO70Xe1VjU
The Place I'll Be,Banes World,2kpT9XT0gXlWVr9hyHRTSo
Drowsy,Banes World,4yp90BbE4dxPXfGGSpbFwT
The Better Life,Banes World,66tTIPNNYe2h8FJHT3PVaA
Valentine's Curse,Banes World,7K14URgHeycEk9EaXywbLF
Dream Boat,Banes World,2MsjuJQ5iRuWDCK1vbUF0d
Ain't No Home,Banes World,79fq9WsjpstnKaiszu6UlJ
Diving Woman,Japanese Breakfast,2s8ofs8CeRdQyHKk0ORnWD
Road Head,Japanese Breakfast,6WVheb5G29cbDOzF4qMfli
Machinist,Japanese Breakfast,6Uhhwk8oJc8SLloZIAQksB
Planetary Ambience,Japanese Breakfast,7eHT7KoLNQeNyWcSnUorMu
Soft Sounds from Another Planet,Japanese Breakfast,1NZ2QNpN1jWvCOuUEN6VZ1
Boyish,Japanese Breakfast,0De8H4o9xzPtjRp9dns0L5
Jimmy Fallon Big!,Japanese Breakfast,5veLhf4p6vyoIB71TSpTDI
The Body Is a Blade,Japanese Breakfast,2bDpO6cDLSTWmL1J3rt5d6
Till Death,Japanese Breakfast,47AWNOz2XaEok0QZwYVynL
This House,Japanese Breakfast,4b0SGqqugS4oyoWwNWIVFW
Here Come the Tubular Bells,Japanese Breakfast,6HnNlxv0jGs4Km22zRXuNp
Prune You Talk Funny,Gus Dapperton,4a6r6d9mfcUQbOnrGf8jAV
I'm Just Snacking,Gus Dapperton,4q3KkucNQOahEc2e8ZzxWL
Moodna Once with Grace,Gus Dapperton,6QHD3WBERQyFqbNHdsRq4j
Gum Toe and Sole,Gus Dapperton,0TIw2THle5NOgw7s0NrwFI
Of Lacking Spectacle,Gus Dapperton,3EdMkS9YsVyEFUGwVJBjZB
Feels Like We Only Go Backwards,Tame Impala,0LtOwyZoSNZKJWHqjzADpW
The Less I Know The Better,Tame Impala,6K4t31amVTZDgR3sKmwUJJ
Let It Happen,Tame Impala,2X485T9Z5Ly0xyaghN73ed
Lisztomania,Phoenix,6ZrlXT6mUMEgomN128iekU
Fences,Phoenix,61sSJHLos9i5TPwaqGNxCz
Love Like a Sunset Part I,Phoenix,14htesVyDv7fNIrW4McQ0X
Love Like a Sunset Part II,Phoenix,474O0qw2zPc4k51oZc72iX
Lasso,Phoenix,7GUVaGNiu11HXN2aqF6Rir
Rome,Phoenix,1jIvxe4pkZDvsyP9lfcwYX
Countdown,Phoenix,6Nhw01s7PmqAqCl0ca8Fwg
Girlfriend,Phoenix,3XNXnjEct81xIRjtGPP3NJ
Armistice,Phoenix,2BW8xmYgAXFOzULQRNxiNh
Mansard Roof,Vampire Weekend,1f1yeiwuYTE8uUK3azgIX1
Oxford Comma,Vampire Weekend,2Ml0l8YWJLQhPrRDLpQaDM
A-Punk,Vampire Weekend,1595LW73XBxkRk2ciQOHfr
Cape Cod Kwassa Kwassa,Vampire Weekend,7q4MJZSiqPC16dbhQWxugv
M79,Vampire Weekend,6L9qYgThsnIpK9CFKdZMnk
Campus,Vampire Weekend,7ui9Qq4JcPGcd3xWOeXhHp
Bryn,Vampire Weekend,49DKrioOpK5IpKHRJzznST
One (Blake's Got A New Face),Vampire Weekend,6CyKXBfcqpoCBh4yRvoNyK
I Stand Corrected,Vampire Weekend,506GZgVmpcbJL88PH4V4EL
Walcott,Vampire Weekend,1Bw45KRmdKpX2pkIADDP0B
The Kids Don't Stand A Chance,Vampire Weekend,6Uk9iD1hTgC5TKwB2HGCPD
Obvious Bicycle,Vampire Weekend,2gKZXeCTkQjblUQgnKF7Ow
Unbelievers,Vampire Weekend,7psPPGwhFzP3pyOcb3ivcT
Step,Vampire Weekend,78J9MBkAoqfvyeEpQKJDzD
Diane Young,Vampire Weekend,104pmtTQOlmW8Zt2BipGKH
Don't Lie,Vampire Weekend,2H6rj2XaBUJnag8iS2uKCt
Hannah Hunt,Vampire Weekend,3t87C08isN6yw2DnWOorLm
Everlasting Arms,Vampire Weekend,5WbmgRh4WP3dfmcrPUDY4O
Finger Back,Vampire Weekend,5OLQo8LBsfh0LszlsyWlzL
Worship You,Vampire Weekend,5y02IcERVgEUItFLeeZDz6
Ya Hey,Vampire Weekend,4eE6vZ2vOrceLq4xgz3VmG
Hudson,Vampire Weekend,5eAjH216cLRo2rotXPTl3S
Young Lion,Vampire Weekend,570ocPyYy6lgJPnPAo66cZ
Horchata,Vampire Weekend,22d5vvCijMTue7PvUrGiz9
White Sky,Vampire Weekend,1W2ox3KxfTEQfO5NdOaK7E
Holiday,Vampire Weekend,3ciC6GP8rOPxlkCYQIQ3jW
California English,Vampire Weekend,616yWUonrccM3bckt85yC5
Taxi Cab,Vampire Weekend,6000CTcjDKMkA1b7tgLcVi
Run,Vampire Weekend,046knfAIKyTtsNHm88Xgh7
Cousins,Vampire Weekend,1p5fFes80K9IPnZFqNca53
Giving Up The Gun,Vampire Weekend,44WZJJnhlIMwARyEjigVRz
Diplomat's Son,Vampire Weekend,0ybF6SJTJw1RCpsF0QagFw
I Think Ur A Contra,Vampire Weekend,6DBKSzHJnmessG6SimxooQ
Cigarette Daydreams,Cage The Elephant,2tznHmp70DxMyr2XhWLOW0
Breezeblocks,alt-J,3n69hLUdIsSa1WlRmjMZlW
Cough Syrup,Young the Giant,1UqhkbzB1kuFwt2iy4h29Q
What You Know,Two Door Cinema Club,6jrMVRReY24qzCfe1BRrww
Tongue Tied,Grouplove,0GO8y8jQk1PkHzS31d699N
Out Of My League,Fitz and The Tantrums,2AYEOC02WLhUiOoaig2SEH
The Ballad of Raymundo Jacquez,Chicano Batman,3maQuAzCqQ0c6iOmeh5AHQ
Dreams Tonite,Alvvays,0DRvClQbN9znQ295sx76VC
Fallingwater,Maggie Rogers,11r8xMuVTS66RjtYgLneRw
Give A Little,Maggie Rogers,4za2QYGfHlYml23pChrpXO
Color Song,Maggie Rogers,5NOfrDlD45VQW5MfU9imaC
Alaska,Maggie Rogers,4DyfJFTQb27adTDdhFeSgD
On + Off,Maggie Rogers,6HzDEVbfnDD1p0qFKqiZWU
Dog Years,Maggie Rogers,5RRNZFyOi17nTh2bPEKPtp
Better,Maggie Rogers,64fugVPdtczvocVcj9b1bO
Intro,Mac Ayres,1y5c06C5Zwhckms9eM4bmW
Calvin's Joint,Mac Ayres,33VQJLL7QWS0LUuF7r39Rq
The Devil's in the Details,Mac Ayres,5q0zxo739jt8HAyo88vNkt
Slow Down,Mac Ayres,3XstzgzP0rp3bzElEnRVHv
Should We Take The Van?,Mac Ayres,4M4ECspANZPJuqacpi1NTn
Show Me,Mac Ayres,4F1a462vK4YzOd75GR3CX6
Lonely,Mac Ayres,1FhGOQLalS0eXLL0Wkwzp5
Easy,Mac Ayres,58dSdjfEYNSxte1aNVxuNf
Change Ya Mind,Mac Ayres,4BSQxRyz6rxbhkCQtVegp3
Honey,Raveena,6ohzjop0VYBRZ12ichlwg5
If Only,Raveena,4jyU03J2YOhRxgOHit2auK
Sweet Time,Raveena,3wv9jIR1DAGxTRMm1kH6GL
No Better,Raveena,0DXlHWi8pqB5R2gfzlZx2i
I Won't Mind,Raveena,0lKwPr2j62cLlhvoLA2VHd
Aviation,The Last Shadow Puppets,2cop62KNgi55QqIozb5bMf
Miracle Aligner,The Last Shadow Puppets,4iwpCp7qdDLngGI3gsVTza
Dracula Teeth,The Last Shadow Puppets,1x9EqJg2UOhlhDAaTUyOIZ
Everything You've Come To Expect,The Last Shadow Puppets,01M9XvRcT8hEOf6NOLBHew
The Element Of Surprise,The Last Shadow Puppets,1JuflrFpkx9mhDwZ08Txx7
Bad Habits,The Last Shadow Puppets,4lJCw7GFijl5Kn2iizagwU
Sweet Dreams TN,The Last Shadow Puppets,1W0OCrMsRP1SLTEdw3JwEz
Used To Be My Girl,The Last Shadow Puppets,4QzJg2N57KhY0tDVmEVIgU
She Does The Woods,The Last Shadow Puppets,6S8vpYC4067FPhFteul9VN
Pattern,The Last Shadow Puppets,0kA5wK89nsYHQ22UKzcFGv
The Dream Synopsis,The Last Shadow Puppets,1iPeDwic3VEt0T75NyVoaG
The Bourne Identity,The Last Shadow Puppets,2QrfU81khdENzp0NcE47q1
Aviation - The Dream Synopsis EP Version,The Last Shadow Puppets,48aKUI1UR8SfSdjgFvbqlb
Les Cactus,The Last Shadow Puppets,4Wg7fFccdDBL1sJGiu14w7
Totally Wired,The Last Shadow Puppets,38RoSgh6vo5rhDIaCJXXPc
This Is Your Life,The Last Shadow Puppets,4AFQUAnosARNkW5bvtxUzn
Is This What You Wanted,The Last Shadow Puppets,2H9E4Xr2WTabI9tPIsQKqU
The Dream Synopsis - The Dream Synopsis EP Version,The Last Shadow Puppets,0ua8Dcxr87WQGUowaf0SFb
June,Florence + The Machine,2yoaXLItTfWNpdFFpdF3Ti
Hunger,Florence + The Machine,6Ju28M6P8Y8sLjBgWjyUUD
South London Forever,Florence + The Machine,3MZ7TxuXNnwYXm2KZGap5g
Big God,Florence + The Machine,1NcXkWB3UwXfMt8izByICb
Sky Full Of Song,Florence + The Machine,64fzn2ewOdSH57wrxTPGov
Grace,Florence + The Machine,51oY1LQDglBFja1LJnqZqT
Patricia,Florence + The Machine,6nmr64Mo4RD3R1pLshvmoG
The End Of Love,Florence + The Machine,1tpkN6z0Zd3wphAd3DASDX
No Choir,Florence + The Machine,47a7Hn4fFE4mHgVJF19CO1
Ship To Wreck,Florence + The Machine,20NEld0MhrR4Zpgrf9brq8
What Kind Of Man,Florence + The Machine,1w9ta1CvXlJPRXh6Py2Mto
How Big How Blue How Beautiful,Florence + The Machine,27SNkJMYnWLLYhg5ak6tkJ
Queen Of Peace,Florence + The Machine,0z7xzF4dilCewzdLWvbhaE
Various Storms & Saints,Florence + The Machine,0GtP3Ts6YWVmAOKH0a1WDy
Delilah,Florence + The Machine,0fgSfUAnuJzzB8l8MdgRZg
Long & Lost,Florence + The Machine,6nHi5pmpKIU5HvFup7XRfx
Caught,Florence + The Machine,0O949Z0MyektJ3cpvRCgMe
Third Eye,Florence + The Machine,7Mz95vPtFlDGIiZ5d1XdT3
St Jude,Florence + The Machine,5tUwFWkAEx032ttOI8ByA6
Mother,Florence + The Machine,4VJM0eJA23ml1pUPiy5PY4
Hiding,Florence + The Machine,6VVxlhDiGQeah3nPKStf2B
Make Up Your Mind,Florence + The Machine,0xnIehCVh0Oyc5fg0LVcw9
Which Witch - Demo / Bonus Track,Florence + The Machine,5yiBLMSH9DCRmBtws6wKY3
Third Eye - Demo / Bonus Track,Florence + The Machine,4jdxQVSgowWjujuwkHjiyM
Only If For A Night,Florence + The Machine,1klirIko5IhkiIV4Bot5w9
Shake It Out,Florence + The Machine,3GL12BAZFVQPcCOAgPaSsT
What The Water Gave Me,Florence + The Machine,4XeNSsyUnBYJKSNa254nBA
Never Let Me Go,Florence + The Machine,144KZbiQJMd61zLcILmoq8
Breaking Down,Florence + The Machine,2RRLlEQJkTTc30yu3K6Tli
Lover To Lover,Florence + The Machine,6VxVu9Qvt96rFAQzGf3BYN
No Light No Light,Florence + The Machine,3MJ7O3ghfwQ564gujVEIat
Seven Devils,Florence + The Machine,4iYvvX9JoMZwmr78NIzevY
Heartlines,Florence + The Machine,43nww8k8zgSB5MYpAibGdJ
Spectrum,Florence + The Machine,0a6HR0FYRZDBIg27Wbm7NH
All This And Heaven Too,Florence + The Machine,7gzszyP9TXT865WX0LplER
Leave My Body,Florence + The Machine,4GVKJ6uWRS7L6XBAR08lIm
Dog Days Are Over,Florence + The Machine,6dux5viG3Ku3IefPx3gFNT
Rabbit Heart (Raise It Up),Florence + The Machine,0AXtUwPpFDkNLcOzNZH4ir
I'm Not Calling You A Liar,Florence + The Machine,6tJMIjBBcEazLFSGruQUUF
Howl,Florence + The Machine,3nJ6xdyRRu9bcm46gguRcU
Kiss With A Fist,Florence + The Machine,6rXh7I5h1KU27v2QfMYnhM
Girl With One Eye,Florence + The Machine,5TPQ8OjeTBLztJEHhJ5RLe
Drumming Song,Florence + The Machine,2z2yJzK7W1Zsz8aL40toGS
Between Two Lungs,Florence + The Machine,3AtNzpuCrPE1S6ToKhpTFe
Cosmic Love,Florence + The Machine,0vJNVMuk5BfCo3TPJOv0rP
My Boy Builds Coffins,Florence + The Machine,7FYbmmQMY99liUDHwEzyuc
Hurricane Drunk,Florence + The Machine,4obTOJfmKz75gZdnXAwzxw
Blinding,Florence + The Machine,7yZRT0QNCWVj0xXbnKJnXW
You've Got The Love,Florence + The Machine,3GNDBGICWkYOz6sUkZEBhQ
Heavy In Your Arms,Florence + The Machine,3svizT5TsRqDffORHCmwKn
Hurricane Drunk - Horrors Remix,Florence + The Machine,3JEjMeNnJyQSCg0GXyqdSp
Strangeness And Charm - Live From Hammersmith Apollo / 2010,Florence + The Machine,3dJGO9sEp5zcaL2V5tb261
Swimming - Live From Hammersmith Apollo / 2010,Florence + The Machine,2p7oVpTMwJJ8psRVFApjWC
Drumming Song - iTunes Live: London Festival / 2010,Florence + The Machine,6DejK3GlFmwqsndyZrMNEh
Girl With One Eye - iTunes Live: London Festival / 2010,Florence + The Machine,3fbXf9OzC2KFztWwExeZ3Y
Hurricane Drunk - iTunes Live: London Festival / 2010,Florence + The Machine,1NgTUh9zWAg09wSbtE9HoX
My Boy Builds Coffins - iTunes Live: London Festival / 2010,Florence + The Machine,2U95kukUs8xBehTAzpJP0T
Hospital Beds - iTunes Live: London Festival / 2010,Florence + The Machine,4nB5QNfBk6GcgH7ZSR5zlM
Rabbit Heart (Raise It Up),Florence + The Machine,5RoLLyMmaEG4WiVMlp7r59
I'm Not Calling You A Liar,Florence + The Machine,3euILOYDltKArnqpupsE1W
Howl,Florence + The Machine,3GS8qG28p2RF6M7S5rFdx5
Kiss With A Fist,Florence + The Machine,0jv5OcbvTUHgO8FgHhya8b
Girl With One Eye,Florence + The Machine,0UdBCetwMDQO7JIhi7Waik
Drumming Song,Florence + The Machine,7yD1uhq8xqCSdHLSkQ6sYL
Between Two Lungs,Florence + The Machine,5WnYyCWBbJyLChmd2sbZK9
Cosmic Love,Florence + The Machine,0CSTvWUps1YmpQoXXay9ol
My Boy Builds Coffins,Florence + The Machine,2ZdWa7qK1fe0dUSP6mJj4e
Hurricane Drunk,Florence + The Machine,1T0Kkq1Oio6nHVhenMQeDR
Blinding,Florence + The Machine,4tUOFydV4QoeqZOIoxzHNk
You've Got The Love,Florence + The Machine,6u9RqxALwkjJ1ukB1y8vuP
Swimming,Florence + The Machine,3Dls79P2lgOM92yBQDalMZ
Heavy In Your Arms,Florence + The Machine,3YZ4ccGSysav9mPqbni9JU
Ghosts - Demo,Florence + The Machine,7cmITelspXeKSe6wnAJbsu
Falling,Florence + The Machine,3bENrkfntz1ugrsi8yzT9C
Are You Hurting The One You Love?,Florence + The Machine,31fBsa46zf4JhG0xPwERY1
Addicted To Love,Florence + The Machine,3fNuoybebaufvtFBo5TDWO
Bird Song,Florence + The Machine,6EfZCB2wudriyD1vDjuAZ9
Hospital Beds,Florence + The Machine,32CpKhS5v5SFgfbXmdpsi7
Hardest Of Hearts,Florence + The Machine,5Gf4tg1WJOzIw5iiOLBJzF
Paul,Big Thief,1uP8UVMXcTJn28TbhfR2Wo
Lemon Boy,Cavetown,0ZTjo2BjVAicpu6LRusfeg
Green,Cavetown,6FCtVFA2m7j60qnlN1Sxko
It's U,Cavetown,6vkL4147WP0E8AUuQUyNDd
Fool,Cavetown,6iGWH4PRPDwtN9NydaHK8b
Another One of Those Days,Cavetown,106N8qaYdcpymlEolAHNER
Taking Care of Things,Cavetown,0nToR9vNRspU0cK53kJP7O
Big Bowl in the Sky,Cavetown,68830h5Cbn0o81cqCI9Vp2
Poison,Cavetown,7HosGN9onpPElSkJGBnudc
I'll Make Cereal,Cavetown,3QGXDuJLVeLXGaMIu4IFlh
Pigeon,Cavetown,43YlKd8hlnzUv71m2Ly9Nr
Lemon Boy (Acappella Version),Cavetown,4wzdKi75Om31GiksnLlfHc
Drop the Guillotine,Peach Pit,1gpBDeONibvJyQYEv5HJh9
Being so Normal,Peach Pit,65sNrvOp2HLlhGTeLJ0nnk
Techno Show,Peach Pit,0a0EYuSVqeVqV8kjN9bFYC
Alrighty Aphrodite,Peach Pit,6OiRh4kttAs1YWglvTcYkB
Chagu's Sideturn,Peach Pit,59JOMc9A6w8CkIHgs4kfNl
Not Me,Peach Pit,1H3bR7kQ1VBOb5pEJMiPdM
Hot Knifer,Peach Pit,51jG0OlS5GWuunFH05NyC6
Private Presley,Peach Pit,40d4m1eI0erCRKLXz55RtT
Tommy's Party,Peach Pit,5OuJTtNve7FxUX82eEBupN
Did I Make You Cry on Christmas Day? (Well You Deserved it!),Peach Pit,6PI9MKx35DG9NTqGeRvoKr
Peach Pit,Peach Pit,0ZK8TGOsngrstVPsnrHbK1
Seventeen,Peach Pit,0SBariQWfKjoslW2XSIFOm
Drop the Guillotine,Peach Pit,0lcehfM2iaNGkrEvhnIymn
Sweet FA,Peach Pit,4fY6EU3jUQQISiUR8DLXuM
So Sad So Sad,Varsity,5rKor0rlCbaA7j755zhnhb
Downtown,Varsity,0CR25ElHMsV4iFviUdtUp4
Cult of Personality,Varsity,7wqu4L2r2BveD3Yzdwfi2h
Still Apart,Varsity,3tN1VwmxCtybq3vwsUpia3
Eye to Eye,Varsity,6gWVMuxi9P9BeWWsmfJVJs
God Save Our Young Blood,BORNS,2u37kqEVu012bh4bx3PsNP
Faded Heart,BORNS,7ghXLHZjZtZiiQhFfhyeY4
Sweet Dreams,BORNS,0lgScP4Sc9teQbV8TBJac6
We Don't Care,BORNS,0L8xGRGBIEAUOyzvdPNCRg
Man,BORNS,0kKQP6tgveOCLELSVqKoM9
Iceberg,BORNS,1gPUCQ9slKaJQbo6swaH8q
Second Night Of Summer,BORNS,6Ov2pt0TfDeSdNHfdlcKpq
I Don't Want U Back,BORNS,33KdjUuILigAedfZLLvyQQ
Tension (Interlude),BORNS,7gK3ZIHPMAkXJ05YMQGbL4
Supernatural,BORNS,3uhvGR0pcdmAx2ZIJkNMeP
Blue Madonna,BORNS,4JEhFF1J95HoXuuXkyxMyS
Bye-bye Darling,BORNS,0G4pUsKa2CbhpyBlM5QPXK
Dug My Heart,BORNS,2IDaot6HBRmqldvBjCp0iA
Electric Love,BORNS,2GiJYvgVaD2HtM8GqD9EgQ
American Money,BORNS,4AewKenHXKBt643p473xCk
The Emotion,BORNS,03YZnK3XQWKpvo9TyNZzXf
Holy Ghost,BORNS,5ho74ZlMvEbyhFutCd8SGg
Past Lives,BORNS,1Dr5JexwA15wmKe7Y7maA9
Clouds,BORNS,03v70ZBxmcPX3RWAZMzqaW
Dopamine,BORNS,62ZXL1CWLJDiDWUZUhfLfU
Overnight Sensation,BORNS,35GS3Vh3ouARXMpsmZeXJy
Fool,BORNS,1huRm0I1QxVb1pJziyCSRh
Love,Lana Del Rey,2Kerz9H9IejzeIpjhDJoYG
Lust For Life (with The Weeknd),Lana Del Rey,0mt02gJ425Xjm7c3jYkOBn
Cherry,Lana Del Rey,1Ym6aMuT5bliaZMC67AmPp
White Mustang,Lana Del Rey,6eygbzyL6hY8jFQTARDuo9
Summer Bummer (feat. A$AP Rocky & Playboi Carti),Lana Del Rey,5QqyRUZeBE04yJxsD1OC0I
Groupie Love (feat. A$AP Rocky),Lana Del Rey,03hqMhmCZiNKMSPmVabPLP
In My Feelings,Lana Del Rey,269xqcgGTN9PlivhUkOLhX
Coachella - Woodstock In My Mind,Lana Del Rey,5UPHeuDP0AnG830Yf3bJJD
God Bless America - And All The Beautiful Women In It,Lana Del Rey,7nns9KjsadA1Cx7as2eGNG
When The World Was At War We Kept Dancing,Lana Del Rey,0dssTLrqY79Klk6jx2RXCj
Beautiful People Beautiful Problems (feat. Stevie Nicks),Lana Del Rey,3O7p9Itz8PXUoAjD2vmuM6
Tomorrow Never Came (feat. Sean Ono Lennon),Lana Del Rey,6VZwnDUMkAZs36g6v9MVQX
Heroin,Lana Del Rey,7lSdUlVf8k6kxklKkskb1m
Change,Lana Del Rey,3fx5ozORvvTGnSnOhUqrgj
Get Free,Lana Del Rey,761QvVHTibYjEi2r6A4g4Q
Honeymoon,Lana Del Rey,4X5zaUdlRhvBWYnyQIKmH8
Music To Watch Boys To,Lana Del Rey,34rRFl0bz9PocxWuO2ca5J
Terrence Loves You,Lana Del Rey,44JxL1qNXXQYniZ5T3MUs9
God Knows I Tried,Lana Del Rey,5R65WfxdtxpTNSIloTfIdM
High By The Beach,Lana Del Rey,7g3htkaLz4ETFn0cifwM3y
Freak,Lana Del Rey,3sYDVtqO35oRSOIMx7dOqR
Art Deco,Lana Del Rey,5jqNQZBwbZWQXPWfo0ygZF
Burnt Norton - Interlude,Lana Del Rey,14Oj2lH9MMI761zeGgnsyR
Religion,Lana Del Rey,1Yh4lOCbcskjSfYPDnn7EW
Salvatore,Lana Del Rey,21qg0IBZf8R12qHd9A3AA4
The Blackest Day,Lana Del Rey,45pI8224KKX9Gx5fiyvEAh
Swan Song,Lana Del Rey,1DYRRZ5rSlc1PopnB7azLZ
Don't Let Me Be Misunderstood,Lana Del Rey,0iq0P0HYtpChhUNH5KuqQK
Cruel World,Lana Del Rey,6ayKgleoMF26lvU1Z7wVm7
Ultraviolence,Lana Del Rey,1y3r6RXiJZNBV1EI0NggpS
Shades Of Cool,Lana Del Rey,4VSg5K1hnbmIg4PwRdY6wV
Brooklyn Baby,Lana Del Rey,1NZs6n6hl8UuMaX0UC0YTz
West Coast,Lana Del Rey,5Y6nVaayzitvsD5F7nr3DV
Sad Girl,Lana Del Rey,11MyiSGZSYSmhhqwGUTtAq
Pretty When You Cry,Lana Del Rey,6PnluwP0fjGnpIBsqTdUTq
Money Power Glory,Lana Del Rey,7Ms58r8G6Y0r1XLtpwoGxN
Fucked My Way Up To The Top,Lana Del Rey,70Laus6ozJIHDpfTtUSmAZ
Old Money,Lana Del Rey,6IfPyMb0Sxptpx6jBUATOS
The Other Woman,Lana Del Rey,1KuVEZR4xuQVNr1KkanAV4
Black Beauty,Lana Del Rey,63hHlajVLQnlFMAqSyePxO
Guns And Roses,Lana Del Rey,0vfPEfQk0ZCHExTZ007Ryr
Florida Kilos,Lana Del Rey,0iQPnK3bi7O27c5T2HBTdr
Born To Die,Lana Del Rey,487OPlneJNni3NWC8SYqhW
Off To The Races,Lana Del Rey,5IyblF777jLZj1vGHG2UD3
Blue Jeans - Album Version - Remastered,Lana Del Rey,2lFTzUnuGaWlWHJQokjRyb
Video Games - Remastered,Lana Del Rey,24jvD83UgLmrdGjhWTFslY
Diet Mountain Dew,Lana Del Rey,4O9dZs2B0ilk4PEfX2bPEv
National Anthem,Lana Del Rey,1M0g1beKC4H9gbrOiSayHW
Dark Paradise,Lana Del Rey,2Y115i0IhELJhyyftvoSFt
Radio,Lana Del Rey,4PMdq7Q7xOFrY424ZelZEb
Carmen,Lana Del Rey,2wiXEarKt55K8aW8elRqDW
Million Dollar Man,Lana Del Rey,4lXHVnmDO5u62tGJIpTafd
Summertime Sadness,Lana Del Rey,2dBwB667LHQkLhdYlwLUZK
This Is What Makes Us Girls,Lana Del Rey,6QOU3FhUkPeA2RtaXcvgi7
Without You,Lana Del Rey,7cpHPzPgqKor6gv6nTkJ4R
Lolita,Lana Del Rey,696cNqpF2NwRLzC7KqCurz
Lucky Ones,Lana Del Rey,2E8b9rCHCWNr0CrZSTVJCT
Ride,Lana Del Rey,3l2S2RkGG4lbh7WqmCV3NB
American,Lana Del Rey,7wfCiX59FY09gsKKFhYfxp
Cola,Lana Del Rey,6LrNqp69g8ngQ0Oem7DGWK
Body Electric,Lana Del Rey,6rsXPxIVXPo4bPhZA5vLUX
Blue Velvet,Lana Del Rey,5QWex1FyG3NhqIfJsJUqxj
Gods & Monsters,Lana Del Rey,1TogTbSn3xkbapb6OUxRvq
Yayo,Lana Del Rey,4np1UPhRvjBfYC4f3CaLtI
Bel Air,Lana Del Rey,6JbioaahWqp3efRZWN001d
Dorothy,Her's,7jay75cMfpEIyIkkvmemYr
Cool with You,Her's,5wv2XK6ms7KBBVDD1cOwlx
Marcel,Her's,5u9cuDcYdOpSRB7fAYXXdp
Cop Theme,Her's,2MmOl0BrlCE2dSpaPpvNiE
Speed Racer,Her's,7mwLlFNlWD4AOFoxPJTPwn
Medieval,Her's,3Gxn4tsd5p3VMXXr3uJYlv
What Once Was,Her's,1XrSjpNe49IiygZfzb74pk
You Don't Know This Guy,Her's,5PxibFPxW06HBPab6KrcPP
I'll Try,Her's,5t90RWWnyBHd6Nu4fPyhC4
Perfect World,Broken Bells,3LqnOFWrX9I5jTjA7cUWjD
After the Disco,Broken Bells,1MmDfBzGsWKXb0rQfTyvOy
Holding on for Life,Broken Bells,757PJjXAgywxrYkdhMkEV9
Leave It Alone,Broken Bells,7uLpd43d2fKFDUD3IyXeAi
The Changing Lights,Broken Bells,1TefJ43egrnGQfvBvAcZvQ
Control,Broken Bells,1QZJiYulh7ak7GpZ8OAdwI
Lazy Wonderland,Broken Bells,67oZ3miFAzcJSt8878Ppk0
Medicine,Broken Bells,3jaOfXYnWg49JrTZnrryx4
No Matter What You're Told,Broken Bells,0JgZO1d9PMhgrA1F3GCbsQ
The Angel and the Fool,Broken Bells,0fd0506d5oBAQDyBF6TZ05
The Remains of Rock & Roll,Broken Bells,3DXJaOI3mI10QkPhRu3r2p
The High Road,Broken Bells,5cwN1htZyoWqZCc33f3RfE
Vaporize,Broken Bells,4EKKyep9jT8u5WpLC1qLrL
Your Head Is On Fire,Broken Bells,6BIzzDdmzpQujSTAAkuPtG
The Ghost Inside,Broken Bells,32fmQsWSAaDas2MJRyMSGG
Sailing to Nowhere,Broken Bells,1m2K0sPmwlktrmsqfSCsvb
Trap Doors,Broken Bells,4WvfcU7QCkI49HjUQckTqA
Citizen,Broken Bells,2OezgBTkkaMfwfCYCBzMip
October,Broken Bells,09zDgbs5NQH1kKFXHppYhr
Mongrel Heart,Broken Bells,6bfhBRsQyP5bIxoInk9wx0
The Mall & Misery,Broken Bells,2ZgJ3fxDrGSi3VKe84YDAe
King of Carrot Flowers Pt. 1,Neutral Milk Hotel,17Nowmq4iF2rkbd1rAe1Vt
King of Carrot Flowers Pts. 2 & 3,Neutral Milk Hotel,6dFlPqbcAjpvDKp8voczqX
In the Aeroplane Over the Sea,Neutral Milk Hotel,4OciRObYGzPzlU40U7YRc8
Two-Headed Boy,Neutral Milk Hotel,19Ov4l8mtvCT1iEUKks4aM
The Fool,Neutral Milk Hotel,2weDkGIMFWvWK908lBUC2s
Holland 1945,Neutral Milk Hotel,4iwMhMvcTqukn1n3NVjb2N
Communist Daughter,Neutral Milk Hotel,72iYfBDEF6dNVeekA8ppyB
Oh Comely,Neutral Milk Hotel,0aP5ZTP3o3IvqNvGZ8OUUq
Ghost,Neutral Milk Hotel,6CdDTczPGeI9sdznpTmYEZ
Untitled,Neutral Milk Hotel,36qRFmDu0pMLiDjG83mizZ
Two-Headed Boy Pt. 2,Neutral Milk Hotel,6lnZW2wFfcTABaoRJUgMyx
Posters,Youth Lagoon,4Fh6cKGB0heCyDPPdSL77d
Cannons,Youth Lagoon,1tgLMyNVmgtLJcOfE0wbyJ
Afternoon,Youth Lagoon,7LgW5lfcYQTUpLx8GpU4eB
July,Youth Lagoon,3uxMB1w1vttRNZ4fSrhAh8
Daydream,Youth Lagoon,4OTbRgjO2Vdn35CHwr9fbf
Montana,Youth Lagoon,5y0OU0k3AolnAiQ6xUxIJN
The Hunt,Youth Lagoon,7qoNz1lFWTC17PiiRbfwf3
Bobby (Bonus Track),Youth Lagoon,0ikzBYvURMApFumF4BKoSz
Ghost to Me (Bonus Track),Youth Lagoon,3Qb03n6KHA2ViYlpRSHXwb
Apricot Princess,Rex Orange County,28GbaBYFpYi1J61fXnGSfd
Television / So Far So Good,Rex Orange County,5OUTFH5acycdnf8OVo21Gv
Nothing,Rex Orange County,3rIKurK8njiyQvZQsSU6bl
Sycamore Girl,Rex Orange County,3ijXR4yXgN43eF54uK7oos
Untitled,Rex Orange County,3PbV3ocgAp3Xn0omGFC0cG
Waiting Room,Rex Orange County,7LmkhaMCqsjppaYtAYhMaI
Rain Man,Rex Orange County,4Ozmbn4LIW5WVZhhHuk1Gp
Never Enough,Rex Orange County,2d1VRB0OXkwtMu0OKsxXDW
Happiness,Rex Orange County,2rXVtoLBHuXcNB5DVfIc9p
Rex (Intro),Rex Orange County,2gpuOUD7W8uOJ2c0JTFIe9
Paradise,Rex Orange County,22vU1n5k6pOuY6VOnQo3oz
Belly (The Grass Stains),Rex Orange County,7fxHpjrR6YwyFcp19P6tv6
Corduroy Dreams,Rex Orange County,02tvc9CFnTyHuSRlGeNv9w
Japan,Rex Orange County,0HzGiz4mcF77yGK4WsRAZz
Portrait of Ned,Rex Orange County,70iAPmTJ1w6QQq4zMYmFBy
Green Eyes Pt. II,Rex Orange County,2ABXGTrvPwT3wNsSGoNqDq
A Song About Being Sad,Rex Orange County,6Jl3ZOX6MUOlyoUc721bsX
Know Love,Rex Orange County,5UEURoNHyyLDFffVGCt07b
Curfew...,Rex Orange County,4er6Q82hKq0wGD0Fv1fiyu
Loving Is Easy,Rex Orange County,5EYi2rH4LYs6M21ZLOyQTx
Edition,Rex Orange County,1wz7B02oOtrTW6SNLG0cSk
Sunflower,Rex Orange County,4EpZ4eYuZOwPSSwyqpdHnJ
Best Friend,Rex Orange County,47Bg6IrMed1GPbxRgwH2aC
Uno,Rex Orange County,5WvDO1ZKap15ehQeNRHJ9H
Empty,Kevin Abstract,6gSw5vz7dcafda23VqMrnl
American Boyfriend,Kevin Abstract,1AUA7JlrARv430PUJRK0Lp
Miserable America,Kevin Abstract,5WPVwig7Tl6NFJ5BL6ONhd
Say Hello Wave Goodbye,Soft Cell,3dHZA5mbQ6AjBwn6TbbyfT
Flume,Bon Iver,7xDydFFgyOYit7yAUsRhrI
Lump Sum,Bon Iver,0kz4nEVFUNcYXLgzOKQnWh
Skinny Love,Bon Iver,2cbic3TiUENlJX91y67ARR
The Wolves (Act I and II),Bon Iver,2K9aNlFNoh2UVY7K7iPMnS
Blindsided,Bon Iver,4cTD99OSLy19Uh2exKRQNa
Creature Fear,Bon Iver,7H2zem6ynyk67mqqXDIwDS
Team,Bon Iver,2WNJUbFqc5cZBKUq6O4tpm
For Emma,Bon Iver,0mP897I93DZwdgtjkSriwj
Re: Stacks,Bon Iver,2LthqyP0MLhGUBICwR1535
Youth,Daughter,1vyrrrnb7182SL6iOMor3O
Smother,Daughter,1drUAdX3NY4dTieuxdedLY
Medicine,Daughter,7H8fBamGUheu0DSpp3pj03
Burn It Down,Daughter,3gtL2E6j0vJb1LLtkphfMm
Candles,Daughter,1zZcEoMG3ZEUU6hEPyPXh5
No Rest For The Wicked,Lykke Li,2gCvWjrHt6PVJjIN1amlje
Pompeii,Bastille,4Ub8UsjWuewQrPhuepfVpd
Things We Lost In The Fire,Bastille,6qOxF7JKKNegcuocn14ukr
Bad Blood,Bastille,04D2wKcN9ju5IY06nwV24m
Overjoyed,Bastille,0DXSFW60giCV8wC26lBaMf
These Streets,Bastille,1y4S5YgR2Ikj9ffihnoGRH
Weight Of Living Pt. II,Bastille,1zahcPiknqZfH5hqdhzA2V
Icarus,Bastille,3aO4GaEhtu1UanIGKefdD3
Oblivion,Bastille,3IvSKBO9Fu4yEWRPXvfrLU
Flaws,Bastille,14qPtxNN9MBdqKpP6l5q6G
Daniel In The Den,Bastille,0ZasZDrI3OlDnkR5b13kj2
Laura Palmer,Bastille,0V8W7phYnepJBNeSMp8fGd
Get Home,Bastille,26xZ7YolhIunYUZXaxqAWK
Poet,Bastille,02Aw6IyFursVr67JbQrb1l
The Silence,Bastille,0beXu8n9O0d9j2L8H7Nkm3
Haunt - Demo,Bastille,0ZyOaabrLGU0rDLhnVALSQ
Weight Of Living Pt. I,Bastille,0AVJh4bN0Im3Rlpq1U934F
Sleepsong,Bastille,0D6EkCvMetAOPXTPmHW98Y
Durban Skies,Bastille,6HD9o3IdxI52fbon0bS0lL
Laughter Lines,Bastille,3D8BHRb8r4tE494LrtXffE
Previously On Other People's Heartache...,Bastille,0yCVf4eGqNQDLxgv8jdxvn
Of The Night,Bastille,7BNDyzwDboNRR2wmd7GSew
The Draw,Bastille,4n2FG7dvDBVMKtHlOm5Rim
What Would You Do,Bastille,2WwzQJt4hG7YC6x16ZTYFM
Skulls,Bastille,5GVJMiKlCEQUPDzaZaYHfO
Tuning Out...,Bastille,0xBpMWAEYSmks4ZDzjgxIn
Take Me to Church,Hozier,0aOluBqXYd0rFSCsgDyAWX
Angel of Small Death and the Codeine Scene,Hozier,7uY7jZs5srSx3xMmyCI48T
Jackie and Wilson,Hozier,0PywzrV955BnXDC8FHAf0n
Someone New,Hozier,0efT4YKQLQx2YHbp6vgRX8
To Be Alone,Hozier,32G6qOwK5SuBEA9D6pth34
From Eden,Hozier,2XRCxFtPqSsnY94jZCFuYu
In a Week,Hozier,5F55SiWwEEytk6vsQXHxQW
Sedated,Hozier,2YRJxFhJQQvUsf14rXpvBD
Work Song,Hozier,4Vc3bzFxXdrABa2DxgyCMT
Like Real People Do,Hozier,7K6LFPfjdnN6QqvGzhvpRO
It Will Come Back,Hozier,13CyXxYgWD9N5KwWqRYU1U
Foreigner's God,Hozier,3kR1DF3AAFCzOtzMIErJ4H
Cherry Wine - Live,Hozier,0bZ52QzCCKfrfOqs7za6lI
Bubblegum Bitch,Marina and the Diamonds,2bcuRlLosXadKliaPYCU3k
Primadonna,Marina and the Diamonds,0CrNPzb5jc2W7UbhYxZj8x
Lies,Marina and the Diamonds,7f8SjXnJVgHiI36M0MGlSK
Homewrecker,Marina and the Diamonds,3VLtoUH9jCV5F5bZendHlp
Starring Role,Marina and the Diamonds,7moCTk3gta2hzIN7Fzw20H
The State Of Dreaming,Marina and the Diamonds,01Mb3QoihqV7wkKizQ5Z5Z
Power & Control,Marina and the Diamonds,3BbdBuUQIGA3FEZdqUTWpS
Sex Yeah,Marina and the Diamonds,4jm4mWW5i2HQo1wT3rXxfL
Teen Idle,Marina and the Diamonds,7yexC1v9jx6PXYbJgjzXRV
Valley Of The Dolls,Marina and the Diamonds,7x7IDvZVJx09fy89YXsMxd
Hypocrates,Marina and the Diamonds,4OLfzA4FKnlVyppGPmr60S
How To Be A Heartbreaker,Marina and the Diamonds,1RvcyxdkVGT3nmRTePLMvw
Radioactive,Marina and the Diamonds,29rjRrsPg5Iwr9k6QX8Oxq
Fear and Loathing,Marina and the Diamonds,5U0sW3Whz7LXmcinePeXW9
Are You Satisfied?,Marina and the Diamonds,4fBccEs6Ao7Dy8jJSrFjms
Shampain,Marina and the Diamonds,2G7TZi5cEjmro4tLK0j95r
I Am Not A Robot,Marina and the Diamonds,0f8AJ9aUHn4uCxHRs43gv6
Girls,Marina and the Diamonds,3a7gsCzUONAukMK5nRbqQw
Mowgli's Road,Marina and the Diamonds,1BGwYa9aK1rDp3qLqbbbHb
Obsessions,Marina and the Diamonds,71UeO8ByJ7yCniZvXvQi3X
Hollywood,Marina and the Diamonds,4mPWSBeODwdMmlQCnFrpkU
The Outsider,Marina and the Diamonds,0HoGBNeSbGXwrI2OR6N7WC
Guilty,Marina and the Diamonds,2ZjhOjJWGYmzHSYQRJCyEc
Hermit The Frog,Marina and the Diamonds,1aIPypSO40eYQZu0CSx7j6
Oh No!,Marina and the Diamonds,0VVNXqaDwfHngG2gXaOtlI
Seventeen,Marina and the Diamonds,4EhovD4EJTJuGK4F4MGkoQ
Numb,Marina and the Diamonds,7o0mAugA9fQfmZsqpcrO6U
Rootless,Marina and the Diamonds,7eicEMj4PFpo4uJr7FlMHZ
I Am Not A Robot,Marina and the Diamonds,2YIANHUb3hDRylOCqFjS7y
Obsessions - Ocelot Remix,Marina and the Diamonds,40PjwONgE4BbL1jFihZwnV
I Am Not A Robot [Starsmith 24 Carat Remix],Marina and the Diamonds,2upsmwZw4xRxBZ6mfJXuSA
How,The Neighbourhood,6mAuw7R6u4vlNneuBgnC8K
Afraid,The Neighbourhood,7brQHA2CgQpcMBiOlfiXYb
Everybody's Watching Me (Uh Oh),The Neighbourhood,0yyyapBjZ9Ek1vcpp3e9bj
Sweater Weather,The Neighbourhood,2QjOHCTQ1Jl3zawyYOpxh6
Let It Go,The Neighbourhood,6cWpj6c5pNZYEk5KYjNBji
Alleyways,The Neighbourhood,4V37tyDu9CtqYshvrgLke4
W.D.Y.W.F.M?,The Neighbourhood,3vooOYHU0Fi3ViCG7Ozh0Y
Flawless,The Neighbourhood,2Kt1XplPBQBsDKQDa6TssB
Female Robbery,The Neighbourhood,4BDnfINTlfJPmLp1UV6CXt
Staying Up,The Neighbourhood,1NA2NvAgCB4EfcBC8OHfuj
Float,The Neighbourhood,4MUvaBckjtNGlxX1IuHDPW
At The Bottom Of Everything,Bright Eyes,6588w3GdDxmdtLMLuwf1tO
We Are Nowhere And It's Now,Bright Eyes,6QSmeY9pNWnE0fAUrXmYC7
Old Soul Song (For The New World Order),Bright Eyes,7jSctfsxmybYYxvTAfrLLM
Lua,Bright Eyes,4PMvRfhHAx5j6Bb3XsFLoq
Train Under Water,Bright Eyes,2JE9Xp5V9UiK39JbKXGqWV
First Day Of My Life,Bright Eyes,5OiaAaIMYlCZONyDBxqk4G
Another Travelin' Song,Bright Eyes,78aRLjDiQx6jo0GVW7aDA4
Land Locked Blues,Bright Eyes,558BHSecDFS85E2L2aKzP8
Poison Oak,Bright Eyes,7C4LTWRsikDhkxXrgc29q0
Road To Joy,Bright Eyes,1PW6GA54DjaQDwKU4ATCDE
Zombie,The Cranberries,2IZZqH4K02UIYg5EohpNHF
XO,EDEN,0ZAiqymvbQUZAh9y6ZT3Rm
Green Light,Lorde,3I4QOvltiKcMu3xmnQjEct
Sober,Lorde,0PXCdhnm9fRgrIgoMcteZa
Homemade Dynamite,Lorde,0zL76omZWytdTtyXKVfuDw
The Louvre,Lorde,4YBDSEzVNQbvCvVIWNtruF
Liability,Lorde,4iSN72L6xCM7vQZR2I9Suz
Hard Feelings/Loveless,Lorde,3VDX4CCJWbRXBKuW5IY5R9
Sober II (Melodrama),Lorde,0dtMnnWhm2AXVxjJy5hUPe
Writer In The Dark,Lorde,5bMWY1u9ghi4X6fIAsQRaC
Supercut,Lorde,6IIcLzR05sN1gk4ngzz7Kk
Liability (Reprise),Lorde,7kEN6uPEaCTATwQKagVcVE
Perfect Places,Lorde,1qXjolYMICsnISl8xZAbA2
Homemade Dynamite - REMIX,Lorde,5u64RlrnvvbtNh6R0EMh6o
Tennis Court,Lorde,74fpNVAJrKGQuqHETi4WSt
Royals,Lorde,2dLLR6qlu5UJ5gk0dKz0h3
Ribs,Lorde,2MvvoeRt8NcOXWESkxWn3g
Buzzcut Season,Lorde,51QEyJI5M7uyd8DOh9tqQY
Team,Lorde,3G6hD9B2ZHOsgf4WfNu7X1
Glory And Gore,Lorde,60jI0JgMLLj1VggHJVhtRs
Still Sane,Lorde,5TRZnGsX49uCZkXxIbD7Ru
White Teeth Teens,Lorde,35kahykNu00FPysz3C2euR
A World Alone,Lorde,55N0YHhO55Q1lWsc4dDPcI
Bravado,Lorde,02ZorlDGq0uTnMobHNh4EL
Million Dollar Bills,Lorde,3Lw7lWTJlcqlx8E9HFmByr
The Love Club,Lorde,2yrJ1jWo3HLksJFUqUsZE4
Biting Down,Lorde,45UvXCltvMpEPNLGzG0NYk
Swingin Party,Lorde,7otV7kSzDMo11qLlw8pAtr
Dirty Paws,Of Monsters and Men,5g7rJvWYVrloJZwKiShqlS
King And Lionheart,Of Monsters and Men,310d8Vawp5kYDYrGrrTAzl
Mountain Sound,Of Monsters and Men,3SPVZJzf1Hs30rB6yXVf2y
Slow And Steady,Of Monsters and Men,3raHUAfQyQ7Gv8yK62AVhV
From Finner,Of Monsters and Men,16oGsGvhNhTihlZAYLp2wm
Little Talks,Of Monsters and Men,2ihCaVdNZmnHZWt0fvAM7B
Six Weeks,Of Monsters and Men,29uPSxuWuR6Hr1SUu2Cw6z
Love Love Love,Of Monsters and Men,3o1cohFfwd57rAvrbyVE5e
Your Bones,Of Monsters and Men,3ewKQAIFCLDk0mbhV0HjWE
Sloom,Of Monsters and Men,6xFxmcebq5XphN0WoxNLgp
Lakehouse,Of Monsters and Men,2TjLRCgnOwgNtmZ38OJ6pj
Yellow Light,Of Monsters and Men,3hs6kchwaeSe967AMMYTrp
White Jeans,SALES,3XRYirzvskaVLlGS9s4lJd
Everytime,boy pablo,4zvHZWOGyL7WcmqHOgtGCW
Sand People,zack villere,45uDtD6s3y0V4tkWZrPDXy
This Year,Beach Fossils,1TFjgmDNqtfw2R0ruYZkUI
Bedroom Talks,Fazerdaze,0TJmKXrT8aR6a7iU9DVNHK
Dina,Sports,6h8902K3bu35UpmS0x5GBU
Chronic Sunshine,Cosmo Pyke,2RGe02P8xxSF9syj0ltPjX
Dak's Back,The Buttertones,4wWHZR4NZRTiF4eShXGvHZ
Weird Honey,Elvis Depressedly,4jGEOzd4KKiXmkks3YKvhl
Find Me,Porches,3qDrNmDHbzP0JZsjSwF0r6
Baybee,Jay Som,6PInkrdWpzFi6c4Ffrzs3q
Draem Girl,No Vacation,6lbLn5iL2NBJnbib7bTXMn
All Your Love,Jakob Ogawa,7G7zCzvyqz39BFE7TqPM3O
Sorry Bro,SALES,4ANZKZkg74qHyVgd0gwO32
Cooks,Still Woozy,2T64m94VBrsEISkAYq6Cnq
Unbothered,Omar Apollo,3PoKFnMD0zAVtQrkJ4e8XH
Nice Boys,Temporex,5H2WmzaijYOGTHeHdM3w9P
Fangs,Matt Champion,6T7xC3rDjOCkMkvcFVdu6Z
Off and On,SALES,40zaUOTsugX2NEBuJ6905s
My Girlfriend,TV Girl,64kTHefmpSsmzSWcXypULv
Long Gone,Phum Viphurit,2kxsu1pjmfjAq4qsf52j87
Alex,Roy Blair,7iEyBDoonnF13ILng7SEZ7
Some,Steve Lacy,4riDfclV7kPDT9D58FpmHd
Electric U,Kid Bloom,61au8r2wPFZVPhEG11bQTx
Dennis,Roy Blair,6Dvxpqv61hyRZJs4qDfiP3
Seven's Day,SALES,72yUAmHIvdKuA0Hdmwabyp
You Say I'm in Love,Banes World,5Ss6DqCldgTmIo6BekVOJT
How Was Your Day?,Mellow Fellow,2E01rRrzaz6TuwCdm27m4m
The Fort,zack villere,0pYtGkBAQdmZhPjzd6DLJ9
Cigarettes out the Window,TV Girl,5GKekzF1YcR2DQd9c3DI8y
Whatever You Want,Sports,6w9zex3lLDwzmvu12LDpJw
Plants,Crumb,4KDVWd4zUHrfJHyuOuvLJP
Bloo,zack villere,5aqI3CBgaQZlu9mvo6wKDh
The Fool,Gus Dapperton,1NiAtzcJVY9qkWucgBRSWw
Lovers Rock,TV Girl,1H7zdcRD0gLGQY0w5ejGgX
Life,The Walters,0wCWiSuGWwdS6DuKws9SOD
Perfume,Roy Blair,2tB5MNlg9RPcpEFl2Ws3IH
Catahoula Man,Generationals,7ryD2hX4gfkkS8g4LkVH2p
Ordinary Superstar,Rina Sawayama,1yNdbMd4ucR9V6UfdVHJd7
Illin',Black Kids,0JOkVoNMwgzPpENwW7Xl5p
Stupid in Love,Wavves,1raAk2NGfKwKejDEoWAlFC
The Warning,Hot Chip,5RrWu7ddslbnrRImeW7LOs
List Of People (To Try And Forget About),Tame Impala,01iiEi9h8CQGUN2K1xBbTj
It's Real,Real Estate,3JzzyfG0z8rjXqHL6XXLwt
Coming to Getcha,Albert Hammond Jr.,3cRq7G2rW6036SC6fUNdHP
Matter of Time,Surfer Blood,7MqscQics2OqU2nonxH0fv
Take It Easy,The Vaccines,1sXE4QJ7IgHzjPmitLUh8U
Rubber Ballz,The Shins,0gI4ectjrQQkAcj6h06DoL
Our Love (U Can Get),!!!,6sH6Gvv0uVq7PG5xKxQqbZ
Valentine (What's It Gonna Be),Rina Sawayama,0IM4jGgkg7vkYXsit9aqGZ
Ambassador bridge,of Montreal,18GQm6iIoqtbEwqdP3ArOR
The Two Of Us,The Jesus and Mary Chain,0qHP5SiBI218BhMwpYUUmo
Shy,HUNNY,0t2GEFoSYzzU41BCBbn006
Sun Was High (So Was I),Small Black,2hc6fCrA3pmmh4EJtzMBs9
No Mind Never Matter,ANIMA!,0nVexjCLu4IGRX8VxVpGmk
Zero,Electric Guest,47ww9AwOrtW59ayC72wMff
Mood,Porches,21PaOSZdsh7DToHW6d5B38
Solstice Song,Sure Sure,6VHysVHEJNk0UrO8RGrNgu
Goodpain,Yoke Lore,5sn9PhscWVvZF65yvltalv
Tell Me Tell Me,courtship.,3n0y72mRws8IZPQA0QkKEK
Beach Daze,The Palms,5gG8ZPPXBB1xtqNj7TDKxI
July,HUNNY,2OuJe42KABHv2sCO4LBbDU
Franny,Magic City Hippies,3lCuh98pgDT4A6M6UNxsED
Are You Sure You're Really Busy ?,Blood Orange,56W1m7CHJp6fTldA3LuoJI
Back again,flor,1J5rHMEvQFpM07iLULi48A
Zacharia,Bad Sounds,41lMxOltse3sYRGxOoVICl
Bones,Crumb,0U0gZhiusaKvvqHe8w7B1X
May 1st,Beach Fossils,5yaO6I0gPMq6OgkroE7Pfd
Bowlly Goes Dancing Drunk into the Future,Loving,6rtwULJIwFVMSU0g4FY6zf
Jesse,Frankie Cosmos,7wywcX1oHKTVQV1dAxeaXq
Southern Nights,Whitney,3HNKZy1An5Jlnb02lcV2yd
Sleep Apnea,Beach Fossils,34LohAliZ2QKydqVJcFpwV
My Boy (Twin Fantasy),Car Seat Headrest,3z3BsIVe0RHu7m6J1KZxg1
Blood Under My Belt,The Drums,5Nhsz5O0DIS5Mh5E3tlBbp
Sad 2,Frankie Cosmos,6fpmjEHZDf6tAZGrv0Buch
Down the Line,Beach Fossils,15eduSFXnQfnQvcmWHDBPi
Diamond Rings,Tennis,4uK1agHAnOsyCo62SBEO5y
Hang On Me,St. Vincent,54IL47Tmp2MAVABIdf6eMF
Pills,St. Vincent,6jcKQzA6fxIrof4AlrojG1
Masseduction,St. Vincent,4L7kaptgY6py2G3nRW9BVQ
Sugarboy,St. Vincent,35TIanClNm1DxcyREpNC7g
Los Ageless,St. Vincent,2qTy3hGSbxoSenKmlKGHFw
Happy Birthday Johnny,St. Vincent,0pY9xoiH9hNo166spIpQWt
Savior,St. Vincent,0uXOXjd0iaptu1co1BJrif
New York,St. Vincent,5IXTT9RvcVupmzLTFqIInj
Fear The Future,St. Vincent,7CeRs4E810IkbT72CuMlWa
Young Lover,St. Vincent,4dskKWhiEzIMyVhwkngOH2
Dancing With A Ghost,St. Vincent,5yOqqpZTG1qof9x9519hr1
Slow Disco,St. Vincent,6xiTXiZhECholKGfvDormV
Smoking Section,St. Vincent,2Kkg6KwQDY6hOHIoTxFL8d
Rattlesnake,St. Vincent,3fIotQ6HWB2zLhpnOs6Tl6
Birth In Reverse,St. Vincent,3v47tb6hvbeb3dVOgYZUfP
Prince Johnny,St. Vincent,201StFQq0nodCrsX5ysC30
Huey Newton,St. Vincent,6P5QvqGHXCksVTqMSVgEWV
Digital Witness,St. Vincent,08F2SMlPS3jD6w9UojyA6g
I Prefer Your Love,St. Vincent,0Snb87Z4Zdn6YFMicWA7gx
Regret,St. Vincent,2OCus0BsjJFo7E2TSAGnIe
Bring Me Your Loves,St. Vincent,4cvFDemd1TVYV0JXgUAJlu
Psychopath,St. Vincent,1pO48rTgY2gJ94MIO2q3IX
Every Tear Disappears,St. Vincent,4Pwbmdi0Q2RwktwTjMK5WA
Severed Crossed Fingers,St. Vincent,313WwxBzfH2bw6emCClpHq
Bad Believer,St. Vincent,1VxW8LraxdE168OWaytqrC
Pieta,St. Vincent,50jwxaKrzuBnuoOva2Ej3Y
Sparrow,St. Vincent,2nmj0B3HcqOAJZaLjFA0lz
Del Rio,St. Vincent,3tXogRfhXvQsPxRqZUmjHX
Digital Witness - DARKSIDE Remix,St. Vincent,6fDqQKHxuEcOoQ40hxAHkb
Is This It,The Strokes,0jBE7Fn78EAvmIs3dCd6GO
The Modern Age,The Strokes,1420BGhbXGkIJtbtBlfpYE
Soma,The Strokes,6gU7ohksNd6LsEJMWfDRhp
Barely Legal,The Strokes,21Ay8Y9Pr91nSauPGtK6MW
Someday,The Strokes,7hm4HTk9encxT0LYC0J6oI
Alone Together,The Strokes,4UmJMAY5TqXPAnsDW1Mci7
Last Nite,The Strokes,3SUusuA9jH1v6PVwtYMbdv
Hard To Explain,The Strokes,0OM9ri37LIbPc9hffwsyb1
When It Started,The Strokes,3iiObSfkcBsETljmSB4Hcs
Trying Your Luck,The Strokes,5KupfEBaVJwL7D2ZN0n1Q1
Take It Or Leave It,The Strokes,0seTertVGvHrEJu7hlIWRq
Angels,The xx,1zuKjpp4t7BS8JPKi6mkQr
Chained,The xx,1zQX8Tf3fRYw8Djxh5kUKq
Fiction,The xx,2WWkBERKDC4MZN8nhiAdQQ
Try,The xx,0PgejWYSlSaTwzxwCI15pW
Reunion,The xx,2B4p8xjpBFP8ZinAtewfrB
Sunset,The xx,7DImv0qWPEiAYUPJ0yKuDd
Missing,The xx,6hUbZBdGn909BiTsv70HP6
Tides,The xx,12DE4ela8kEMRNIEYEhKy2
Unfold,The xx,39er5vmZ8JXatAKaLaplkl
Swept Away,The xx,3DKqZWrdtLBNKT9OOcdTK2
Our Song,The xx,4n9wwuZpBp96K0zXcDsnCg
Intro,The xx,0DAsxISzun85PbsqAfIzeC
VCR,The xx,4vU90MimdQpV2e1wPi1ljJ
Crystalised,The xx,1nmCmB3qdXrzxFhvLJuhuB
Islands,The xx,27BpBnTNtY9SBrE3EusnM6
Heart Skipped A Beat,The xx,1O4pg2612aT6PGCAp6Wt1V
Fantasy,The xx,0AdA0M0xJSlWwGjiSdoSSy
Shelter,The xx,5YeF3yVKzbxW1KI4kPcSVo
Basic Space,The xx,4ORbUYpR6MDsJYTHh3xBWH
Infinity,The xx,17eEVo7K960G9wGKNS6rag
Night Time,The xx,5xkNgedTp6xrbqt5gdq6TE
Stars,The xx,57x3uHJoS1IaJ7XgCGeMtM
Ghost Ship,Blur,61JDaStnXY3vbaEjliB5WA
Grave Architecture,Pavement,71m8TLglSP4Naj0CVPd9pc
Cherry-coloured Funk,Cocteau Twins,6sVQNUvcVFTXvlk3ec0ngd
Joseph Cornell,The Clientele,1ZvGcyu83vnbFxabLbfzzd
Falling and Laughing,Orange Juice,0gGn0vQaOlFFlan4h8vWz1
The Strain,Blockhead,4OmwgrgrR8beLcmFu6kbdT
Father to a Sister of Thought,Pavement,60EKD91CV7bLdEWkyMqMQg
When Will You Come Home,Galaxie 500,2m4pMnVi3e9HuSwSci6dg8
I Had to Say This,The Clientele,1LMHr2K8eicJZLGkOtvC4g
Whyteleafe,Saint Etienne,2qxe1JddeeKoWepzDv8DIc
For Tomorrow - 2012 Remastered Version,Blur,3rWlZxRCrBMcEL3QsSidr4
Lazyitis - Remastered Version,Happy Mondays,7CoLmmKOu5soRo0jTU3P0H
Circle,The Sea and Cake,2OkYM5cp2nmYpGkW2wZelb
Harness Your Hopes - b-side,Pavement,4tggZyGJMNJMooWuRbvN5q
Love My Way,The Psychedelic Furs,1mqytV5qZcmzG6MgvJCpkQ
Pretty Girls Make Graves - 2011 Remastered Version,The Smiths,3wUMcPzXcmaeW8QxTdyXQO
Alison,Slowdive,55CenVQ4alvDJ1PS8aYB0m
Lady O K'pele - Remastered,Lizzy Mercier Descloux,3Go1CHxYeK8rWFpVclmcA4
Old to Begin,Pavement,1XunuaASKMHoYC2gMmSXUT
Hospital,The Modern Lovers,63PJI7dPUXQ4DW1QiGyvaa
I Want The One I Can't Have - 2011 Remastered Version,The Smiths,4Bs7pbzxezGyNQO6DjqmC8
Moon Rocks - 2005 Remastered Version,Talking Heads,1jDit1o3MxkQxFDVNdYX9v
Always See Your Face,Love,6OojY4NdPiEGWHV2EUSwHz
Disorder - 2007 Remastered Version,Joy Division,38wCbVfMreML5ZhF5iQuKA
Unable,Suburban Lawns,3Wei8d4EDMrMWZzWiwIr8Y
Panic (2011 Remastered Version),The Smiths,64D3dzWyj0GpQT1AHx4kbK
Brighter!,Cass McCombs,2EbL9RN1CpNav0UzTQVRdm
A plea for tenderness,The Modern Lovers,36JuaGlNLdEDPnBWpEUjJW
That's Not Me - 1996 Digital Remaster,The Beach Boys,0VJZtH2OjNKskNegMVIzYR
These Days,Nico,2ZRBKVRMQ9OK4EeTaMHHSY
You've Really Got a Hold On Me,The Zombies,6a6vi7tNL6NSeRa4Ez0Bj6
Sometimes,Flamin' Groovies,3H7HVXeBqlLRUikmHY0zwj
I'll Be Loving You,The King Khan & BBQ Show,00XrSeoUJusUuWvqd08lyF
Be Thankful For What You Got,Love,0Mm52YAVJcZSnpsN1YJwqu
Screams,Blue Oyster Cult,2KsnSzoJlmfT44jFOqRP1E
She's Not There,The Zombies,3dzW0SoVNyJTWWJimX8stj
Wantin' Ain't Gettin' - Remastered Version,The Association,5o5UvoSyRF439tSerNhsMj
Get to You,The Byrds,0Hx3e65pcMUTQPfacGzWXb
A Million Pleading Faces,Orange Juice,66M9J2RW16TZOgmfPNvBkU
Never Thought You'd Leave Me,The Pleasure Seekers,2UeBw3ALLvdEMjSpe5vSk9
Snowstorm,Galaxie 500,5s5uy4gguOtt5DZcsqxVsu
Hard rain,Lykke Li,069LHKgjOwo1sXUztAPHIj
Deep end,Lykke Li,3LYSQacvVpDkPkxzuWEBUc
Two nights,Lykke Li,1CPNoBoQIc0dgK8MQDyx0T
Last piece,Lykke Li,2Z8SpRWDcWCrRBBoX6z80Z
Jaguars in the air,Lykke Li,4UHTXB3cN4jzH5OdkpIUwX
Sex money feelings die,Lykke Li,0g4fzRkbLeCDUCoe5iUOcf
So sad so sexy,Lykke Li,1hQjRldnVW3On7QzoxGlht
Better alone,Lykke Li,1m43PeB6kOKy4LYt75iOwB
Bad woman,Lykke Li,4o9aWoai9UFblJYSiVmYuf
Unabletopia,Lykke Li,6FJFq3GTvpPgw2xIfwmguR
Youth Knows No Pain,Lykke Li,1xinPWdftWbbRmTXHvUjOW
I Follow Rivers,Lykke Li,336ZYcU6poBWi3s8yzRcAD
Love Out Of Lust,Lykke Li,78Bh87inKLDdIAfRAJ6IZj
Unrequited Love,Lykke Li,503XNurC4HR0m5a224PJZW
Get Some,Lykke Li,5LbCx9z3eq83JVoJ74tnmt
Rich Kids Blues,Lykke Li,1npDFCLgSeJzPnXLszvZQP
Sadness Is A Blessing,Lykke Li,5qR5b6Coq6srVHsa7vi7a0
I Know Places,Lykke Li,4u3aErjHkwVqqdyfNDMyJ1
Jerome,Lykke Li,3NWx96WfhSdWNjyqcQ4Zqb
Silent My Song,Lykke Li,6DakkaQZBwi1w3xQxx4JwD
Melodies & Desires,Lykke Li,63rDXO1DXabHT2VkHpfqPa
Dance Dance Dance,Lykke Li,68s9Rkn9dyuonMXZXkKvWo
I'm Good I'm Gone,Lykke Li,2GjycBB2VHP4NSIzUrJkrE
Let It Fall,Lykke Li,7jxNl5VKoUeN3CG9vtKcFw
My Love,Lykke Li,68TguYor4eWtZsxAdqEn2n
Tonight,Lykke Li,4qo5BUZx4IAdbmltMJAiKd
Little Bit,Lykke Li,0Ps4Eh6SQjeLnubbCsQTDD
Hanging High,Lykke Li,07aDTEVtgxcdhiA36yedlb
This Trumpet In My Head,Lykke Li,6Hjdb1w8mIarOx3b8A7AoQ
Complaint Department,Lykke Li,2JooYQm6PVJD3urcs9O763
Breaking It Up,Lykke Li,73qYfSmCrj2DOMqNULHM97
Everybody But Me,Lykke Li,0BOjCJm6vj7XCEjuWF2O73
Time Flies,Lykke Li,6KaGJcoTpfMcXDUsIiMbe7
Window Blues,Lykke Li,5gBjVLINJkJl7v3S7p0ygU
Graffiti,CHVRCHES,6zWqBxWZRPn0LbKTSy04Yp
Get Out,CHVRCHES,0R3CQkLKah7MTEmpfMgfWd
Deliverance,CHVRCHES,2JMghxSUEV5vGbgLzqNHNk
My Enemy,CHVRCHES,1VwHKtCv9eMVOcmNFc6r1Z
Forever,CHVRCHES,3gcDO5tOTybSstaGSAMIgV
Never Say Die,CHVRCHES,0yfljFQlsGXSeTKkQGsb8O
Miracle,CHVRCHES,3lQSzRo5BkodChgpBOomvv
Graves,CHVRCHES,0Ni8xzB32O8MemsKcPHWBh
Heaven/Hell,CHVRCHES,2u5hIEYkD7sGXh7vgOxf73
God's Plan,CHVRCHES,6u3y8zGuG5kZ4CE8DdTvxZ
Really Gone,CHVRCHES,0dyfSwQovNVddw6gruSuVq
II,CHVRCHES,0AIc7PLrdHCxf3l8W4jGIK
Wonderland,CHVRCHES,75MQCoe4BTMUWButDcI3g0
The Mother We Share,CHVRCHES,3PvzvltQZLIKk9YgoMP3Yq
We Sink,CHVRCHES,4t7EGF0kXG5KeFrQ7hxdc1
Gun,CHVRCHES,3rvtRXFWpmXJofk5i7Y1Ft
Tether,CHVRCHES,2xYUn5R79VRPW12pZKuwYd
Lies,CHVRCHES,2N127y5vyqdwEe6gDZSxs0
Under The Tide,CHVRCHES,6AZeGdRRGqzmoFZK0qscWr
Recover,CHVRCHES,4QQg6DXsx6G3lv3W4A15CZ
Night Sky,CHVRCHES,7uvYp5crr7lPh9T4zyMHfQ
Science/Visions,CHVRCHES,0WoohBjFAOoI4DH2HAJF4y
Lungs,CHVRCHES,7tptFBIZxSHgTv9n6mgKlY
By The Throat,CHVRCHES,0sXwModOsujAaxSP5pJ3cc
You Caught The Light,CHVRCHES,3LwP2XFecUVTxpn9QcPPrI
Strong Hand,CHVRCHES,1UzmBvoUEuEFavkPnWBMPP
Broken Bones,CHVRCHES,2Z9iC4XkdFIJ57uz1e0sPx
Gun,CHVRCHES,5lEsJfDHPNNpXs7tQejSLY
The Mother We Share - We Were Promised Jetpacks,CHVRCHES,6cNt9nIDbfLesqYixSBHDR
Mystery of Love,Sufjan Stevens,0oTtnnedK0C4unALxVTPhz
The Only Thing,Sufjan Stevens,6Rt6KwuF7I8ZkdZG2G0bYr
I Don't Know You,The Marias,06cqIVC8kRAT02qfHQT65v
Basta Ya,The Marias,4CUTUsBGjHslu2Bd3AOXGg
I Like It,The Marias,3Vm6yiTPfhFeUHD4gt42cZ
Only in My Dreams,The Marias,190IqlryWu91WBKeDgZqZz
Superclean,The Marias,0hxl37ZV9GgcY1Pn8UiPWK
Dejate Llevar,The Marias,4eevohYu5jHXgnCitivUVT
Take My Breath Away,Kid Bloom,3xQgFxJfb3rfHIoBWd9M2u
Jane,Roy Blair,34hUQ9ahInlX8q5T4Baeg1
I Think You're Alright,Jay Som,2pv9AdhjEmKlp6A9pyupb0
Recently Played,Crumb,0YUP8ar1GNHPFqMwUM7xCE
Billy,DRAMA,2eQHAwP1oz4XsjHXSEaqZQ
Serve The Song,Real Estate,375X9Xzitw4XAtIUSd4tUI
Unlimited Touch,Jay Som,4Ke1HSZEgMdB7u0yQzAY0a
Whenever I,Wild Nothing,7aqqkpCbBHt0csewgRyMvC
Your Dog,Soccer Mommy,3BpUZB0tw4zNmG3Iw1mclL
Speaking Terms,Snail Mail,2ystHinBjK639vcRANDFaL
More Than Meets the Eye,Kid Bloom,6ebKM7dpwdaEf8WJrVC1zF
Born to Be Needed,Tennis,3ZreIAMdZdZTAy460FG72v
In Undertow,Alvvays,1gvaxqNiJEbQzWPqs72kgG
Plimsoll Punks,Alvvays,6XmOUsOiaIXZ16izZtkW5m
Your Type,Alvvays,7y8jbNQqWh5zqIdU49EVDv
Not My Baby,Alvvays,27bBjan9bD8rUESGYqK9a7
Hey,Alvvays,4gxhcijBB6i3dkpQ36bGk2
Lollipop (Ode To Jim),Alvvays,4B0DKl08l4AJflQmZkEDvQ
Already Gone,Alvvays,4PrAZpH9Ic7S47E78BN6E4
Saved By A Waif,Alvvays,0T5OfSkpotI0fla76KE3Uz
Forget About Life,Alvvays,4eKo4tRNkK9WQXjrlP07eU
Adult Diversion,Alvvays,22cDldSuj9rgIMXwn4Ofn0
Archie Marry Me,Alvvays,5HLes17mwCwKt81mi0Tk35
Ones Who Love You,Alvvays,6UwyDozaC9Ndoh0Jr1jvwd
Next of Kin,Alvvays,6UPSufaw0qqJRtRDfWAWcR
Party Police,Alvvays,6uOPpbw0ufHCruEKFKAUkj
The Agency Group,Alvvays,7LrXFickWIWFhJ65XC5vNI
Dives,Alvvays,1fMRr3ubyFrPPJUBmYA4Qr
Atop a Cake,Alvvays,2d4VlnTyBVserhtyH3b9BZ
Red Planet,Alvvays,16BEzwWUfUe0cVGME3Itjh
House of the Rising Sun,Lauren O'Connell,3oTQj3ZPpyRkOY26yjNycw
Bottom Of The River,Delta Rae,2LzyUfJdRp3uqTrITBJXEY
Love Love Love,Of Monsters and Men,15IWqq4MaJ09ZQZgzcbn4p
Witch,the bird and the bee,65hzDZbjAZpJZZf3diITpP
Kill Of The Night,Gin Wigmore,2m17BTWlZq0wtS9cpJsCfM
As If By Magic,La Roux,64WV3iTiJgamysCcyRCzwV
Daniel,Bat For Lashes,5VvsZvy1mwx4teyvI7O9rs
Fidelity,Regina Spektor,1J2WmkS1Z18AuDWZCgIC5K
Better,Regina Spektor,3x8VM1G75erEHyrlrgwLme
Samson,Regina Spektor,2JAUBPBVkimRLc5BGhAkfJ
On The Radio,Regina Spektor,6VUYwnd11VvLWdubhFioLz
Field Below,Regina Spektor,0OtG96oVZE8SKetFEQcdla
Hotel Song,Regina Spektor,2AqmtgKAp7scMFisn3j6ma
Apres Moi,Regina Spektor,3p7qdsYAiMbY6PR0aIne4G
That Time,Regina Spektor,2lLZotRXsQL3k2xX8rhl7q
Edit,Regina Spektor,2cTeyHw5tZLewQZhsbup9Y
Lady,Regina Spektor,3MeznLFydzsimMyFOjlL6N
Summer In The City,Regina Spektor,2PnFHCWo2FIbMCXwvGM1kH
Another Town,Regina Spektor,2O4uO8jHAULYH5gMIy9eVD
Uh-merica,Regina Spektor,7avPQPMPNVRp0wluO27gMh
Baobabs,Regina Spektor,6rk1PaIVSAsrWh2jKAh5pE
Dusseldorf,Regina Spektor,47L4f6FkjPkTzosccqS2li
Music Box - Bonus Track,Regina Spektor,6kPkWvv3AXBLFW73Fr6rZG
Hero,Regina Spektor,7Hxnfdl30YITvCxI6YvHaP
Bartender - Non-Album Track,Regina Spektor,4ypSerL9OO78vi2OdB3HBB
The Calculation,Regina Spektor,78ko0O4PMfqcAvOQ0EjUzM
Eet,Regina Spektor,0N9WhEz6DiBDvBxa6uJCTY
Blue Lips,Regina Spektor,4HnS7CZWjd8PTQZkh3E1ai
Folding Chair,Regina Spektor,1fVkv2HympD7WrvJ6kui5N
Machine,Regina Spektor,50c35CdzSsJjNZLv3boCk2
Laughing With,Regina Spektor,26COgYlbcouIcJo3nprpox
Human Of The Year,Regina Spektor,0NEBjIdTbeIdEmbrqFqIZR
Two Birds,Regina Spektor,2n0U2OG5d6TuW5mKx7YrC0
Dance Anthem Of The 80's,Regina Spektor,13XYA5WMxcj8e3gB1pNLST
Genius Next Door,Regina Spektor,67NTUaVW8ApaANOFU5nijd
Wallet,Regina Spektor,5FDAbQDMHlVl223ytfd4qZ
One More Time With Feeling,Regina Spektor,2fkrDkTuosP05G4qTIcr0B
Man Of A Thousand Faces,Regina Spektor,1mXqCED8vAyj9tsXXUiNHe
Ode To Divorce,Regina Spektor,0HmW0usB04O7n1Hj85gEBx
Poor Little Rich Boy,Regina Spektor,06hmuCqeWMhJKY804fNodU
Carbon Monoxide,Regina Spektor,6GJbAQ5zOYmKpnZWLQGyjd
The Flowers,Regina Spektor,4fbHQuPWhUTcAS7vGMHQ1j
Us,Regina Spektor,6zJms3MX11Qu1IKF44LoRW
Sailor Song,Regina Spektor,787gq4ruJ7dvxxv1gijJtV
Whisper,Regina Spektor,0L6HA9HB8ufRnrYHnhp8Os
Your Honor,Regina Spektor,1ZUjHBqo1DYXy0FOJksYVB
Ghost Of Corporate Future,Regina Spektor,0vKJflSON3fgb7kNr6vSaH
Chemo Limo,Regina Spektor,2ax0m8ZcOI2FLt3xlJbgSZ
Somedays,Regina Spektor,1VrCD1NPFFHUBk6Lew0Kkz
Say (All I Need),OneRepublic,6H4vq5gz0rlNjH0LBzu4An
Mercy,OneRepublic,13UwDYcdDOT6akJZRGVCEy
Stop And Stare,OneRepublic,48s0QHJgmiNsth3WEO6U4M
Apologize,OneRepublic,1NrJYpdAi7uosDRPmSYrsG
Goodbye Apathy,OneRepublic,78wnWRrd97aaheZBz16K2H
All Fall Down,OneRepublic,1zjJg21AG4sXU9wzbQnQiQ
Tyrant,OneRepublic,2NQBsh7D6bDS5tv5VcvdoN
Prodigal,OneRepublic,5rvS6QdcKCXXLGq4YpinQe
Won't Stop,OneRepublic,5ZEY2HUEstaLlhxGoWmzCE
All We Are,OneRepublic,1Jx69b09LKTuBQxkEiFfVX
Someone To Save You,OneRepublic,1mXiSrqOdR09yT43TwkSLh
Come Home,OneRepublic,0bJfgUyjfPJYqRgUxb12Eh
Apologize,Timbaland,77rlwv75irCcg50920G04u
Counting Stars,OneRepublic,6sy3LkhNFjJWlaeSMNwQ62
Love Runs Out,OneRepublic,5BJSZocnCeSNeYMj3iVqM7
If I Lose Myself,OneRepublic,7hIRQZhDjab4YgqkkkehV9
Feel Again,OneRepublic,75hLNJfiXV5k2YGrbGEW51
What You Wanted,OneRepublic,21fq2CKL93mfnYHItpitxg
I Lived,OneRepublic,7D49Iig0avHre9RFSUMkd2
Light It Up,OneRepublic,1Ib5tLTFz8teJPcxZycpj3
Can't Stop,OneRepublic,62EsBz11VlUwSu3jFy7Rlo
Au Revoir,OneRepublic,1p50TN8eyDm3mJHZVgcTxm
Burning Bridges,OneRepublic,3qd6wKpFQf4JljGU7y18CJ
Something I Need,OneRepublic,4KANJH1baadr3U7XsVbM17
Preacher,OneRepublic,4XOVGSQjmxtSbt3pKk0Ouh
Don't Look Down,OneRepublic,22PSLtxaajzAAOPiOzcViz
Life In Color,OneRepublic,2JDMJhjJmx2GtMz5HFSTim
If I Lose Myself,OneRepublic,1hZk9dktp4yRFTm0TrycuH