Live Up to My Name,Baka Not Nice,61mnlyQlnPuq1GEX0LxIWh
Modern Slavery,Huncho Jack,7J6bnDDitOwfelaJNixHhL
Shoota (feat. Lil Uzi Vert),Playboi Carti,2BJSMvOGABRxokHKB0OI8i
Please Shut Up,A$AP Mob,3LyNsopPP3hXf8bZBE7cDk
Costa Rica (feat. Ski Mask The Slump God),Ronny J,6JxdRch1BQkPVUWjcuudvI
Feel The Love,KIDS SEE GHOSTS,3aUFrxO1B8EW63QchEl3wX
Where U From,Huncho Jack,11cCVYamncF0ezwjj1irQ0
Daddy's Birthday,Young Thug,347hgqCHnL4GfgVX5hZfNv
GHOST,Jaden Smith,0aWMostcnfyjuCEcO7sTz5
Yamborghini High,A$AP Mob,2rqUblDWJKlMVwh9uJc0Vv
Catch Me Outside,Ski Mask The Slump God,4rgwri7LajWVZvdj2N81SS
Cake,88GLAM,3ZOwmSmQKX4vTK4N6e2GsW
End Of Discussion (feat. Lil Wayne),Rich The Kid,0qFX9pVJQB4lBMxRoFXqGr
Switch,6LACK,6g1lGlApRBJD8pPNmMgQ9Z
Tomorrow Til Infinity (feat. Gunna),Young Thug,6Zm6fxOVPzyArjrNPx9LRe
Lean Wit Me,Juice WRLD,29tc0GbW0pTSBZSCZF3NWk
Herside Story,GoldLink,564oa00vY05d1uYnTEAAmE
Champion (feat. Travis Scott),NAV,6nO3tr47nr2P7f3hXb8JIo
Off-White (feat. Mongo),Global Dan,7bDqSfQ7Sj0mA4hiswGr3t
This Year,Lil Tracy,1tLw4K7LFW5TjlRAbICVTj
Dead Faces,Yung Bans,09gzaHlg7KPja7ZcCKebcF
Motorcycle Patches,Huncho Jack,7g7raxdQpiLZT7aOlib4S1
Meditate (feat. J.I.D.),EARTHGANG,0Eqm7hD828cATBLUx2fJox
I Heard You Got Too Litt Last Night,SAINt JHN,4A5owiyEiYxDuDPvTrRCxS
Got Friends,GoldLink,1PVza5KmhSJhz12OewWciE
Bucket List,Saba,4BJpGfAf7hJiUeZilWT2Mf
New Choppa,Playboi Carti,30sc425JEvj3tgmGAKORea
Bad Company,A$AP Rocky,3ZYwSDF9knZI0RVlKR4PHC
Fingers Blue (feat. Travis Scott),Smokepurpp,6l8McJSn8BgCTTewysSusR
New Freezer (feat. Kendrick Lamar),Rich The Kid,0eHCArTPhwUxatY7cEXRiK
Wokeuplikethis*,Playboi Carti,59J5nzL1KniFHnU120dQzt
IDK,Kid Trunks,6NsheduXyWbGpCUIAPWr4a
Walk On Water,A$AP Mob,0WQcnrsEqrY2e5nexGe3HX
Killed Before,Young Thug,0jPLBur1qXRfj3pbuJSX03
Movin' Up,Quality Control,7jTL6K5hqWDVUH4j2thZrp
Moon Rock,Huncho Jack,7bTH8LgGSwyNNE4r1k95Zp
Too Gone (feat. Khalid),Rich The Kid,4j30n3zuJQJ5qGA6rSTaST
Take a Walk,Masta Ace,5zcRPNrvp8agDQbBMewzRt
Definition,Black Star,4C7Ss9bTPOWJMh3rarF1mN
The Hop,A Tribe Called Quest,7f1UEGMBMuXfLBP5XANfrW
Jus Lyke Compton,DJ Quik,6KMoKU9mRNthObqYAMrXnD
Wrong Side of Da Tracks,Artifacts,0yf6ORR6kV4iEn6T78XKbZ
Just Begun - feat. Jay Electronica, J. Cole and Mos Def and Talib Kweli,4lHN90buToyId0wJsdl7ij
They Reminisce Over You,Pete Rock & C.L. Smooth,2Mb3zpobD0CvJGWv6NpsPy
You Know How We Do It - Remastered,Ice Cube,2Ih217RCGAmyQR68Nn7Cqo
Ain't No Half-Steppin',Big Daddy Kane,0dNiLb9FEHrRK7VFDJctiR
Only God Can Judge Me,2Pac,13XHuE00ElL5thSxkaEXxK
They Want EFX,Das EFX,3HCzj965m8Fz2E8wZkir6q
What You Want (feat. Total),Mase,6hxn98poTu1O4YZfafvC18
Young Black Intelligent,Masta Ace,74dSnisQPDjL5Sjd6MEjX6
Perry Aye,A$AP Mob,0PDwNx6GrHc5sRVy6Hc7GP
How U Feel,Huncho Jack,7CWiWkccuRRdrmaW6AjVEf
Love Hurts (feat. Travis Scott),Playboi Carti,3K6U7TamNyVSWcFH8pCQHX
Out,Yung Bans,1iA2bEo8Q6dMw7ZMqfkohF
Feels So Good,A$AP Mob,28mIIBZt0jAe8k9g52NOsX
Mediterranean,Quality Control,0kN8aoF74sj0UCFwMQoIBK
Dothatshit!,Playboi Carti,1KzNsOkpQthVwpCJrADJEQ
Wat's Wrong (feat. Zacari & Kendrick Lamar),Isaiah Rashad,2RPbEp0DyBVlkRvvYKopO7
Stay 100,Smooky MarGielaa,1hJjKYqtVt47RmRR0Q1vDA
Dubai Shit,Huncho Jack,6urLjX35oXXRYtcH1b3dCh
BUSY / SIRENS,Saba,4YdRnTnXYwgI48kkzWy6uk
Bachelor,A$AP Mob,4Nbi6hJWVqM7Ois9G2KKjC
Location,Playboi Carti,3yk7PJnryiJ8mAPqsrujzf
RAF,A$AP Mob,6kl1qtQXQsFiIWRBK24Cfp
Kids See Ghosts,KIDS SEE GHOSTS,2I3dW2dCBZAJGj5X21E53k
Liquor Locker,Vic Mensa,5YbrqNUUleF39Ai3b3ruQy
Trouble On Central,Buddy,4OJPvjtRdbibCaqWQaYUHz
Stoney,Saba,0HU8CeTestQjoRF2ekaLqx
Dresser,Yung Bans,6yraiBkF0Xud5RoSv3EdqL
Choppa Won't Miss (feat. Young Thug),Playboi Carti,5O9zs6G6RcB6yP1OKwnwiM
My Baby,Chief Keef,51QzqWaNVNoYNucmlLqSJ2
What Do You Do,A$AP Ferg,4gpmL5xSZeHssgyIP3UuPS
Roll In Peace (feat. XXXTENTACION),Kodak Black,40oKW22ZNNkEdZLJTScaQI
BLEACH,BROCKHAMPTON,0dWOFwdXrbBUYqD9DLsoyK
Cudi Montage,KIDS SEE GHOSTS,4kUZvXB3LC3an3HX6h0s17
No Mistakes,Kanye West,1DdgqEZk4Hqfpl3drdXJun
Excuse Me,A$AP Rocky,3I8MbKRkS2IBDuslhCS3iT
Kevin's Heart,J. Cole,6tZ3b7ik1QDXFAZlXib0YZ
Devil In A New Dress,Kanye West,1UGD3lW3tDmgZfAVDh6w7r
MICHIGAN,BROCKHAMPTON,1QYpYXj7uPYa0obpLF0HFW
Watch (feat. Lil Uzi Vert & Kanye West),Travis Scott,3DoBTwfr8yi2LN08SBpFkN
Mr. Rager,Kid Cudi,393MDhe62s8hbH8ETrlxe5
Wow Freestyle (feat. Kendrick Lamar),Jay Rock,12rbR0qoFJQ7rRGzgXrzHy
Say I Didn't,Vic Mensa,6I0XPgr0SFHQcKy9v7Gf0K
CANNON,BROCKHAMPTON,3ImJurxjtL8FutkeQ6uPRK
Heavenly Father,Isaiah Rashad,0qLt7pQhm8LDxFgI0YXdlY
Fell In Luv (feat. Bryson Tiller),Playboi Carti,1s9DTymg5UQrdorZf43JQm
Yikes,Kanye West,2r4JRwcbIeuAzWjH4YXlLs
Coziest,A$AP Mob,3aovO5W4cvJxV6MEUOYtnM
Doubted Me,Cousin Stizz,52lZ9jWUNN2VrCkxljxlKp
Westside Bound 3,Saba,5MUWpxHzlG5M5N2C0T7qs9
Hop Out,A$AP Twelvyy,0wSeTpuEBS5uloIJ9tGhFi
All Mine,Kanye West,3qnoOm4fwZPBS116f5hpgF
Zack And Codeine,Post Malone,5lZZmityu9TAjNvSY6GLhR
ZIPPER,BROCKHAMPTON,1m4C9zlV89rXTfXStluvec
A-Team,Travis Scott,5cgEadiGKjtTP1Q6NJqVP5
About the Money,T.I.,1hzJQIkgXwZevaKsc7iA6D
Again,Fetty Wap,3ESSGgWzRf1xvP7G5hHMhB
All Eyes On You (feat. Chris Brown & Nicki Minaj),Meek Mill,0hy1SOTEn9ifXTzOwnCwEr
Alright,Logic,0lwkTJnLBVWvEnxtku7Msy
Angels (feat. Saba),Chance the Rapper,5TmgLf3eXrAAfNIk5bURJL
Antidote,Travis Scott,0KaA33vmmUEY77YD6L3KFi
Antidote,Travis Scott,1wHZx0LgzFHyeIZkUydNXq
Love Scars,Trippie Redd,0AICBlLzFCTpUqmAbtzB2z
Homewrecker,Vic Mensa,01ryv8tqj6gZnGb18srxk7
Sunday,Earl Sweatshirt,0fAehaneUJdlSlWXYe1KZp
In Too Deep,Trippie Redd,7KrkTrZfPhgXelA3NvDMkE
Nothing but Net,Travis Scott,0Kuuk3DYQwNsD6qWA3EmPV
Buttons,Mac Miller,0ZBchpb4CLk5Qqu3895Etp
Love Is Only a Feeling,Joey Bada$$,2ZVRyUFQTI5K99wpJElGrD
Faucet,Earl Sweatshirt,7KKW3MSfqCCai76gKSZEco
Peso,A$AP Rocky,5sl2735QKaOmL8UL4Q39Ut
Guess Who's Back,Beanie Sigel,27dUo79lgLEy4Rk5w3UvSL
Just Another Day,Too $hort,21GzqgubvWR6Iks9IbDmJE
Shootouts,Nas,6DWdTk7UaZ6LIYYCFvmgX7
Brown Skin Lady,Black Star,3Mz4AoWIedMfzCib1LYwMZ
Mr. Me Too,Clipse,6cAldqwmbUwpM8D17FWtPL
Knew U,The Pharcyde,12Rdx7XpQ0nhVzFpecBjxk
Surviving the Times,Nas,0BI9BYPVtp65GqNkVCl6tS
The Hook Up,Smoke Dza,4FEuh8zuTv3IIO8BaCsQPc
C.R.E.A.M.,Wu-Tang Clan,119c93MHjrDLJTApCVGpvx
Rather Unique,AZ,5vxII6AxXbPsAJE5dAdBo9
True's World,MadeinTYO,2PxPDax9NcCwVqiwQTmOW0
A$AP Forever,A$AP Rocky,1YmF9PvLhIISIANoMLIYGq
Cutting Ties,6LACK,6lJ5aSxKHCwNBoWkZT3JeJ
Some Nights,SAINt JHN,41PAAuFLXi4vC1mWLslzGe
FYBR (First Year Being Rich),A$AP Mob,1jNrotshHZUS2wj7MU6Lw9
Dead Friends,Rich The Kid,0lZ3yLWp2pAWExImZVSGJ3
Rich & Sad,Post Malone,2VdT56BGpdqNHUgOe1j5vc
Get The Bag,A$AP Mob,2AyyImkxFBEhfPmIe46Ppl
Re Up,Belly,0p0fmKwHHE5SVj5CZoSk8A
Who's Stopping Me (& Metro Boomin),Big Sean,7dHui7yOhsoj7HdWSuJTW7
Shooters,Tory Lanez,6TrjaOqUwdKQ7KNxJr2s9Y
Chilli Peppers (feat. Majid Jordan),Roy Woods,6z832PPPyMHmahjAihz9lU
February 3rd,Jorja Smith,3c5gLGgwRrE7sQYSNHCXEj
Garden (Say It Like Dat),SZA,19woxaSpjOefa2JnAOoqW5
Peace Of Mind,PARTYNEXTDOOR,46HZ8l9wPo9JNsk7dZLamb
Know Myself,Justine Skye,0d8anwJJGti8jE79Y4tXUD
Set It Off,Bryson Tiller,1oQQ5pf4hft7C3s75B8fXb
Frustrated,R.LUM.R,1N5j9dRZ3foNWwU4Zp0pbq
While We're Young,Jhene Aiko,4mL59LVbKgOpEACxraGYdr
Instinct (feat. MadeinTYO),Roy Woods,49VzL5oBsUICN7U34T98b9
One Way (feat. T-Pain) - Bonus,6LACK,7HDpgbWMVzI8bEbdldw3cs
Taste (feat. Offset),Tyga,5IaHrVsrferBYDm0bDyABy
Come Together,The Internet,1l32mo5oW5oIRRjNnVJBNR
Roll (Burbank Funk),The Internet,01bfHCsUTwydXCHP1VoLlI
Come Over,The Internet,2hPNuVVSV1tqiD2uPlfehz
La Di Da,The Internet,5IIq5uEYpUZoSjTEjqn7q1
Stay the Night,The Internet,0JADBJ42q1ab92VOULBh9V
Bravo,The Internet,03s6mrEsdLO38EwPOZ6keH
Mood,The Internet,5biM2vzWFcYOVFcsrYK2wA
Next Time / Humble Pie,The Internet,18q3Snk21t9JruunyQ9xNT
It Gets Better (With Time),The Internet,7bKxc7UstlRxOtNBvLjGSs
Look What U Started,The Internet,0sSNa2XDu7dxbnjK0lKnDH
Wanna Be,The Internet,5GjisoOfsN8qagrax01T4y
Beat Goes On,The Internet,1q1Uk6aQvyjavCsnTb5lFH
Hold On,The Internet,5tqZJUHEuqdN12RZVq2l9p
Pleeze (feat. Nipsey Hussle),Dom Kennedy,52h1jHAwsYnnyMAca2x2AB
Minute,NAV,3JWh19WsndEFg0UFRFeTiU
Rockets (feat. Moe Moks),LION BABE,5LWKsMeXaYBoKzCHk8syQy
BB,Roy Woods,0WBGu4SCQxUSFtYRomXni9
Call Me,NAV,1xpXnpIpuvzpx9jz15baJF
On My Mind (Jorja Smith X Preditah),Jorja Smith,1OxL1FWSEd7QmJoWLRP2NO
Cool,zack villere,4PevTpnIWy2D1wIQZY3MmX
Fuckboi,gianni & kyle,7CoZHcV0AaH6rbYJE6ouHy
Shine,Buddy,0nARqYjm32sGZlFWgO7QxW
C U Girl,Steve Lacy,6FBzhcfgGacfXF3AmtfEaX
No Pressure,Mahalia,5Sr3ppJ2yQEHPTjKPHbKuU
Games,Alex Wiley,5mBLsGeDozivo9EmIBid2H
Over,Syd,7M7IOOxwJpr6Fwf3YQbBCB
On My Vibe,Travis Scott,3ZqT9tIMBSiGq1M4uZazf9
Ice Age,Denzel Curry,594suifkodzqXMkJlkKRQd
Pull Up (feat. Joey Bada$$ & A$AP Ferg),Powers Pleasant,6lM1G8kF3xCUW20lIRfoBm
Brown,Kyle Dion,3t7wojJJqpSNCASv5wOe5I
Fuck My Enemies,Allan Kingdom,0DLcjcjvUywWkPYseSdg7J
OSOM (feat. J. Cole),Jay Rock,2m3G4SXZiJEOvqf3s0s9d8
FaceTime,21 Savage,55GLc4nywcX4aIlOcx1u06
CLOSE (feat. Travis Scott) - From SR3MM,Rae Sremmurd,1oUudyBYVGMIC8JXeIsFzq
Hold Me Down,Shakewell,2AEUXQ1M4tI4mfen8vHV5k
Autumn Collection,Triple One,53cv8cTo1YQizuC1egNuBE
Kingdom (God),6 Dogs,4udxlmblbQHA56bNitavf4
Today,Trippie Redd,5bNrUcuk5gjy6Ko2dbfWhZ
Bodybag ft. cold hart,LiL Lotus,5goDGXm1XmSho4Ukc33Tjq
Endless Nightmare,Josh A,2CHuu85IjdomB4wPkDwoZp
Miserable America,Kevin Abstract,5WPVwig7Tl6NFJ5BL6ONhd
Lakes.,Triple One,1RLprbEvp8x9RH9C3SQcxI
Look Like,Yung Pinch,3UiZUMXuNrORtsAIdDkZDe
Faygo Dreams,6 Dogs,2BoeDIEzoS9diuyaqqVaDh
Extinction,Killstation,3nF5bxOE63ZU6JiU4IJQB8
Online,Danger Incorporated,5iIsZ4jxkjTUSafzGxePWB
Coke (feat. Lil Peep),Yunggoth_,3WePcGyiO2HZWPw33x9rAf
XO TOUR Llif3,Lil Uzi Vert,7GX5flRQZVHRAGd6B4TmDO
X (feat. Future),21 Savage,6fwdbPMwP1zVStm8FybmkO
Moonlight,XXXTENTACION,0JP9xo3adEtGSdUEISiszL
X Gon' Give It To Ya,DMX,6uP0XLqjRqFx8HAfesdcAg
X,Lil Uzi Vert,5tRmoZRoupvMYPV1oezFrH
XXX. FEAT. U2.,Kendrick Lamar,4iYRa2btalAzPZoSYfROqF
Xanarchy,Lil Xan,3etxMncvnemdyJlDVBuIat
Used To,Juice WRLD,1j1V8ZnkApuo7VS7ilSplV
Uber Everywhere,MadeinTYO,7zBPzAjKAqQpcv8F8GCq5s
Up There,Post Malone,2rKmNEYrQxaOPZrOWKZpOc
Unforgettable,French Montana,3B54sVLJ402zGa6Xm4YGNe
Unforgettable,Drake,5LZ0ZCRXrklIpnzn4Tcyde
Violent Crimes,Kanye West,2VYb3Fb5iK5Y8HGZ8oEEkp
Verified,A$AP Ferg,0D57r0pP7et2thTG95dvlf
Very Special,Wiz Khalifa,7r9n8i6kikpwxEomUFujzY
Vouch,Kevin Gates,37zJ0VBdZO7G7LoSjLX1ES
Versace (Remix),Migos,0XGLsSU6wtfnKXiMNvQr61
Questions,Chris Brown,5XQMr19TL7Mfksq9zihbOu
QUEER,BROCKHAMPTON,4sEnZad9gvLSLkyt8DW11O
Summertime Magic,Childish Gambino,4j3GWI86JvSaF0BLdmgcfF
I Might Need Security,Chance the Rapper,3EApebexZ7YqDIqw2EMTDh
Self Care,Mac Miller,4c00fD972rl8ubRxZnyI2B
Best Hugs,DRAM,3FISzZeOXxIw20PB0n5ed4
You should see me in a crown,Billie Eilish,6vsV4D8BM6PioRr1UOx0n2
Wildin',Berhana,4LGg2NY9eHp0jF3L1WbCNl
Trippin' (feat. Khalid),Buddy,6TrzifGqGOc2DfBbiXQtTz
Issues/Hold On,Teyana Taylor,0bxmVPKnEopTyuMMkaTvUb
Better - SG Lewis x Clairo,SG Lewis,32T61xmNSIXhGkEszzs0t8
Sour Diesel,ZAYN,4N6KSqFCkI0SMunnlMUJnF
Work Out,Chance the Rapper,3PdgIdRXJjgxfOr7slldel
Distorted Records,A$AP Rocky,57q6BgYP4gN6hPQViCB3um
A$AP Forever REMIX,A$AP Rocky,3oHkMCVJyOcjg5FhfLc2Rq
Tony Tone,A$AP Rocky,52eYVUkFTOVozbVFIaFrnV
Fukk Sleep,A$AP Rocky,1AqemxWsT0iGg5Lvkm16Bt
Praise The Lord (Da Shine),A$AP Rocky,7ycWLEP1GsNjVvcjawXz3z
CALLDROPS,A$AP Rocky,1wGYcpJZ59rePkNu4zHmLu
Buck Shots,A$AP Rocky,6ImrWnhjEOw5re3cGLMIHJ
Gunz N Butter,A$AP Rocky,5N521RK66Z1FP0Oz6B4OlT
Brotha Man,A$AP Rocky,6MmtDonkpvSoRx9ACwrGDu
OG Beeper,A$AP Rocky,5TX0mfUkpGlU6j2xa00ERx
Kids Turned Out Fine,A$AP Rocky,0qp8MuZNKelOGTK2HPlXBA
Hun43rd,A$AP Rocky,1r33iukEx0COYuBzyXPmPP
Changes,A$AP Rocky,1dzwFgBlZNxt28aQOinNGn
Purity,A$AP Rocky,2MF4HtZHBoUliOi9nOAbS0
Holy Ghost,A$AP Rocky,6AHNkRbVzkh95xilnYzDT7
Canal St.,A$AP Rocky,0rBMP6VVGRgwnzZCLpijyl
Fine Whine,A$AP Rocky,2WxzLbJfPA2vJGxQiKd7Jq
L$D,A$AP Rocky,4S7YHmlWwfwArgd8LfSPud
JD,A$AP Rocky,6wwPtKxaMEbQYc6atQmhTE
Lord Pretty Flacko Jodye 2 (LPFJ2),A$AP Rocky,1j6kDJttn6wbVyMaM42Nxm
Electric Body,A$AP Rocky,6br4Pc0BzU6dTD5fEmks2i
Jukebox Joints,A$AP Rocky,2gAGWaK4wvt2xrFUlR4mK8
Max B,A$AP Rocky,4wuOxtRDeD9YiQOcmgay7e
Pharsyde,A$AP Rocky,6J9FgTr3z44Bw6ABeVL415
Wavybone,A$AP Rocky,5cYZm4KeDKM8Pw8z5XRKJt
West Side Highway,A$AP Rocky,3RySVukMPe4R7lAP8oGI17
Better Things,A$AP Rocky,3nHbQNMuGuEtIVhPGVfFbF
M'$,A$AP Rocky,29ZSk6XmWPx3DX69xBb7Yi
Dreams (Interlude),A$AP Rocky,2JqNypbkqPNtCLBeuUqmnm
Everyday,A$AP Rocky,2N3U8uTYhjX2KwGT0pf5x0
Back Home,A$AP Rocky,41FxRrhwqe2LvFcU3WapS1
Long Live A$AP,A$AP Rocky,2JPavCWYtpCSnyLwnLBvXZ
Goldie,A$AP Rocky,4go2hxLM6ijk0K76ZY0Nhd
PMW (All I Really Need),A$AP Rocky,3IvVQ1qmekCQ4LRwGCyIJA
LVL,A$AP Rocky,4dz4nfY5LeFUR99uspA5e6
Hell,A$AP Rocky,793xe74Xm4VFkkAOI6eZvy
Pain,A$AP Rocky,4paWhLk6dHX5NLoTAqG3dM
F**kin' Problems,A$AP Rocky,4XoP1AkbOurU9CeZ2rMEz2
Wild for the Night,A$AP Rocky,22Mme5vsZ688TMUieIHdx3
Fashion Killa,A$AP Rocky,40H5libEZWrbkc8HTlXGbt
Phoenix,A$AP Rocky,6BYVAEPmqWVUSqtrQpvLTT
Suddenly,A$AP Rocky,5oJ6pSfpV5HH9QBeXyNMjJ
Jodye,A$AP Rocky,35gDUOhgx0usvu8OqVsMnU
Ghetto Symphony,A$AP Rocky,7ujbNS6fmb82EcZfiDsUd5
Angels,A$AP Rocky,6KM0MPPSPGjBlQgdwIeJLc
I Come Apart,A$AP Rocky,6hP8N6hD4j9zwspKHXoJWW
Cocky,A$AP Rocky,1nO2NjuFkGaAWcMdJ1pNrp
A Glorious Death,A$AP Twelvyy,7z7cVLaaSflYWIlkgPrUGA
Chum,Earl Sweatshirt,6plT7nFGiXKSBP9HFSI4ef
Substance Abuse,Smoke Dza,6K0LB4XItoRSkKZSkVTS4d
Too Quick,MadeinTYO,26bagHWcawT0HA0TkUbG2a
Nobody (feat. Kanye West),Chief Keef,4pZRHhkES6JicoRIGQPHMG
Angles (feat. Noname & Xavier Omar),Mick Jenkins,3SEZgDncfa1sqjThdI9JcJ
Cocktail,EARTHGANG,23zxnTDMZ1pidA91AUawNU
TEMPTED,Jazz Cartier,7pQi9lwATNWDfNwtyMXUtm
Vacation (feat. Joey Bada$$),Flatbush Zombies,3ZO6UxR61HavlXuyohc14T
Put That On My Set,A$AP Mob,2kwxN1whHc0YR0cBHR5iOi
Off the Wall,Nyck Caution,4nIhFdMMV9tqpQGFCFKbPj
Riviera,A$AP Twelvyy,37wq2A6ljvM17kjpnaQOlF
Young N***a Living,A$AP Mob,3u9HxfcMCFYwJ2R0nkpDWV
Live SheckWes Die SheckWes,Sheck Wes,0asxiZ68X8m2wuJwsabF6d
Nandos,A$AP Ferg,5kk89RYrVuGGNtE2pilxci
Feel Good,Trippie Redd,2oEO8hubdLxitXybAPQWWD
Silkk da Shocka (feat. Syd),Isaiah Rashad,5f6esnDQcBiFAm8iMfkw12
BYF,A$AP Mob,6g5exlGGjNqJwIK6OQoolD
Poles 1469,Trippie Redd,4fC5jw1TI59GH1emfN1wtk
Tity and Dolla (feat. Hugh Augustine & Jay Rock),Isaiah Rashad,2NoKRHt8LVpnQMVl3TPwvu
Strapped,A$AP Twelvyy,3U0xbYGTtYZAUv3lEwPebJ
Blowin' Minds (Skateboard),A$AP Mob,3FUP0gYxsivCHzWzu8uUGw
Purple Ape (feat. 4orever),SahBabii,1FGx3ikPF22FtUYWMzsZ82
The Glory (feat. Denzel Curry),Flatbush Zombies,58yJ902sAZLSNYzXKpyDM9
The Law (feat. Mac Miller & Rapsody),Ab-Soul,17vQTNbvhpvi92qOnDOFHB
General,J.I.D,7hJvx1rJTUsKUngnHdBuir
DUCKWORTH.,Kendrick Lamar,2PESSRrfGBuDrJ1I7rm8dc
GOD.,Kendrick Lamar,4suzR7RVn00QijvJPkMVMf
FEAR.,Kendrick Lamar,28J8MZFrSMvd5gWxAGRBq1
XXX. FEAT. U2.,Kendrick Lamar,0lJZRic5kToowUXH35uy7P
LOVE. FEAT. ZACARI.,Kendrick Lamar,0R9U7yIlLm8KAL6iQbwKKT
LUST.,Kendrick Lamar,1PKNKessUE10zYclDWNRfE
HUMBLE.,Kendrick Lamar,0gvQoTWRxsW5Rd7KgPp0u3
PRIDE.,Kendrick Lamar,1P9LiOkE3LnKSYsoz1F8A7
LOYALTY. FEAT. RIHANNA.,Kendrick Lamar,0Omhxcy38tjNxqVZshdfpf
FEEL.,Kendrick Lamar,3hKPfWwm32Nv7Xj57lrxeC
ELEMENT.,Kendrick Lamar,3uubYELqTxIOqGalMtUq63
YAH.,Kendrick Lamar,7tC6nVqWp4FALU6I3li1g9
DNA.,Kendrick Lamar,4odAJ4IxmYzy3co4TeYP24
BLOOD.,Kendrick Lamar,1WonGCoO1sz7I4aD0HRbXy
Untitled 01 | 08.19.2014.,Kendrick Lamar,6OkOFxU6j0UufR97VgSnS7
Untitled 02 | 06.23.2014.,Kendrick Lamar,3I0FBDc1c1BLNtXWKVjmFg
Untitled 03 | 05.28.2013.,Kendrick Lamar,2fgAJeky8Cpsr8Cfvn2NVp
Untitled 04 | 08.14.2014.,Kendrick Lamar,1U13SSgDOxK98L1FTWYrjQ
Untitled 05 | 09.21.2014.,Kendrick Lamar,3V8vWoCbKbfjNrPaQ4YtSg
Untitled 06 | 06.30.2014.,Kendrick Lamar,4M2t7bP4Mq87mGMn0PObUX
Untitled 07 | 2014 - 2016,Kendrick Lamar,40IQooNkPRVtn4zlE3ZFpA
Untitled 08 | 09.06.2014.,Kendrick Lamar,5bBUDJUfGcG7eFy3Bf4fXv
Wesley's Theory,Kendrick Lamar,7Ks4VCY1wFebnOdJrM13t6
For Free? - Interlude,Kendrick Lamar,75izAeHlGuOgA865CFDyIv
King Kunta,Kendrick Lamar,0N3W5peJUQtI4eyR6GJT5O
Institutionalized,Kendrick Lamar,4oFtLSgHyZPNYDCcANhTnO
These Walls,Kendrick Lamar,7uWVT3UkCAZyANvv0bdyQn
U,Kendrick Lamar,1bxEpNR75Hq3T2oF9AZjt8
Alright,Kendrick Lamar,3iVcZ5G6tvkXZkZKlMpIUs
For Sale? - Interlude,Kendrick Lamar,7unx2Rvsq8D0RfOLRXclTA
Momma,Kendrick Lamar,0CjJqkWOpIUXdem5hUcxAk
Hood Politics,Kendrick Lamar,2UOYzhusMTypF7oAQwksCj
How Much A Dollar Cost,Kendrick Lamar,4tQcyj5488alHT1ZgFduzn
Complexion (A Zulu Love),Kendrick Lamar,72hFOhhhnOJZnnp6uVOgPn
The Blacker The Berry,Kendrick Lamar,5Mtt6tZSZA9cXTHGSGpyh0
You Ain't Gotta Lie (Momma Said),Kendrick Lamar,7A3ETuOrieyx9KSF0sn0Zf
I,Kendrick Lamar,3ODXRUPL44f04cCacwiCLC
Mortal Man,Kendrick Lamar,1WT11QmhZutciEv1NsHt1R
Sherane a.k.a Master Splinter's Daughter,Kendrick Lamar,0qGFnxDIqGBIq2D3zNbjk9
Backseat Freestyle,Kendrick Lamar,3aGibUHhQyBsyumYHylw0K
The Art of Peer Pressure,Kendrick Lamar,0d0jsoba88SpOoFxCxA2rZ
Money Trees,Kendrick Lamar,0AOvNRgl0SMfOibWA5bP8o
Poetic Justice,Kendrick Lamar,2P3SLxeQHPqh8qKB6gtJY2
Good kid,Kendrick Lamar,5vuJuBqwzHJgCA1ysRfwxZ
M.A.A.d city,Kendrick Lamar,2cDCojn6uIBM6A5xTAbl3H
Swimming Pools (Drank) - Extended Version,Kendrick Lamar,5ujh1I7NZH5agbwf7Hp8Hc
Real,Kendrick Lamar,5d8yMIlqJH78lwOUP7T3oF
Compton,Kendrick Lamar,1wf4LnpdAhLaoI2WwYDKAE
The Recipe - Bonus Track,Kendrick Lamar,1eRBW1HcyM1zPlxO26cScZ
Black Boy Fly - Bonus Track,Kendrick Lamar,1H7yy9jlDYS2EBF41J6Yf5
Now Or Never - Bonus Track,Kendrick Lamar,4KjnaUNYPwGnJjoeTFlt91
The Recipe (Black Hippy Remix) - Bonus Track,Kendrick Lamar,5UHjWOJA6MDl1g3x2HC68V
F*ck Your Ethnicity,Kendrick Lamar,5v501hmUMvbHPKa7qm0MGD
Hol' Up,Kendrick Lamar,5DO1SazQppcsKQ1c1JpyQz
A.D.H.D,Kendrick Lamar,2MYl0er3UZ1RlKwRb5LODh
No Make-Up (Her Vice),Kendrick Lamar,7yQDLdub1VuUUwbpteUX7w
Tammy's Song (Her Evils),Kendrick Lamar,3RPK9VQuTsiTySY48ldeqx
Chapter Six,Kendrick Lamar,3s3ZBjw8kKX5HXymkRIDVy
Ronald Reagan Era,Kendrick Lamar,3gl1RenSXn1biKijZ1qvky
Poe Mans Dreams (His Vice),Kendrick Lamar,2NxIp9jbmsnaIiAExWOEo0
The Spiteful Chant,Kendrick Lamar,12bCgkFnyyTI8B1OmmRhbx
Chapter Ten,Kendrick Lamar,2C1C4QjjMmru4mYrPSQzWs
Keisha's Song (Her Pain),Kendrick Lamar,0bcCgRudYZ4kiOHZNZfqxU
Rigamortus,Kendrick Lamar,2b3KgzISdjZVNPJJ1945nw
Kush & Corinthians,Kendrick Lamar,705u4LfXcTBuDOB8UCy0A7
Blow My High (Members Only),Kendrick Lamar,6jl01C724Mk68qlOQLco5I
Ab-Souls Outro,Kendrick Lamar,2FTGmG9PvlXEERkb1sYBE3
HiiiPower,Kendrick Lamar,4fVqQKbROkz8Z9FFJS7vls
Black & Chinese,Huncho Jack,628Ueb4sRiXApObhcU9iPU
Eye 2 Eye,Huncho Jack,4vwfOiyWxXeEdx4ejAJgdx
Huncho Jack,Huncho Jack,5vuiHi3QYbwcm1OKJOYnrf
Saint,Huncho Jack,7foypmc7KZyU716Yv63BPe
Go,Huncho Jack,4RgoqOBE34Q6zZj8K7RUAx
Saint Laurent Mask,Huncho Jack,7JGyxh8G8QZnu4AMJuCqlj
Best Man,Huncho Jack,2hIFuoXhzcZGvmdtSE35lc
The ends,Travis Scott,33zbOXJSwW7uf4VXXWow2O
Way back,Travis Scott,2Zy7XVdxyZQB8xp5xbpJdl
Coordinate,Travis Scott,7pas6O1LYbaeChEFQBhPFU
Through the late night,Travis Scott,1Ci4wASMY4xtKVMeHA6Sd5
Beibs in the trap,Travis Scott,0ESJlaM8CE1jRWaNtwSNj8
Sdp interlude,Travis Scott,4gh0ZnHzaTMT1sDga7Ek0N
Sweet sweet,Travis Scott,01Ch5LzVStxCFPKkT1xg6k
Outside,Travis Scott,177WEvlLsCc0FzCTWslawr
Goosebumps,Travis Scott,6gBFPUFcJLzWGx4lenP6h2
First take,Travis Scott,6wwruKU956ldDyz55DZTt1
Pick up the phone,Young Thug,20dP2DaMHIAmwWAbp7peSr
Lose,Travis Scott,2AGUFka8kBWCM47h5uTlDb
Guidance,Travis Scott,2c2csx4OTYtbkzvbSTXlGY
Wonderful,Travis Scott,1cZlBZwnwGPtYeRIeQcoFh
Pornography,Travis Scott,2QeQNF182V61Im0QpjdVta
Oh My Dis Side,Travis Scott,2rMFawCg4BW65jzbwztXAV
Wasted,Travis Scott,3dtBVBClM5ms0qCBBrqpUb
Pray 4 Love,Travis Scott,2dJ4rGtsOHOgvTQawsCRtg
Nightcrawler,Travis Scott,3xby7fOyqmeON8jsnom0AT
Piss On Your Grave,Travis Scott,5H25xsIuRWUI8GwcoAoeSG
Impossible,Travis Scott,0IabpxMpUV7waD7U4uDIMJ
Maria I'm Drunk,Travis Scott,6Yqmv7XJLCrQEauMbPGZSw
Flying High,Travis Scott,6HszFW6X5wM8DKX1SO0LaK
I Can Tell,Travis Scott,2hiuiI3ac0I5kJWtkeGHEL
Apple Pie,Travis Scott,6scpNkWEmUxmKY7nYjVLsX
Ok Alright,Travis Scott,0MRZ9nMoLc7qQ8Nhovv8C8
Never Catch Me,Travis Scott,3jg8bevUzKYONDLBBQquif
No Cap,Future,06Gyf2pFDVmN5K8XAawG96
Three,Future,4W598w0KcHVG5Nwqk0qMpj
All da Smoke,Future,1wWRtPIKD7ZNvtsrzLyTev
Cruise Ship,Young Thug,3C4FUqrrjuvWoHwsumWfIu
Patek Water,Future,7r6LNJT2LqpLpEyZQJPygt
Feed Me Dope,Future,3lyeSiAIdLoZUHhV8psOTI
Drip on Me,Future,2ya9d4B06EQ8Fpj5SSqiTH
Real Love,Future,1OwNWr75pNTyhifOTT0uIG
Mink Flow,Future,1KF7iLK6wK3hjjtqxjRiym
Group Home,Future,3kciYQvHGFkQYaZd0m1Pbc
Family Don't Matter (feat. Millie Go Lightly),Young Thug,445YTBOjx9kYThBepGA9au
She Wanna Party (feat. Millie Go Lightly),Young Thug,3WL6yCfh0zw2MxVSWSe0G1
Do U Love Me,Young Thug,0whCNZKidgBNhuPW41vYpg
Relationship (feat. Future),Young Thug,25oOaleife6E2MIKmFkPvg
You Said (feat. Quavo),Young Thug,1gUakci7HwPcImtp0i79N3
On Fire,Young Thug,07YlTLGFG2LsTkqGFwY5jC
Get High (feat. Snoop Dogg & Lil Durk),Young Thug,1X4PsdScsMExfuNFPLNcTT
Feel It,Young Thug,2BAmF6QyK5IYEOp1TFmt0u
Me Or Us,Young Thug,0JaN65P0DapRjboDEv2g08
Oh Yeah,Young Thug,7FjxdLxJkOV5cHOrttx5Ft
For Y'all (feat. Jacquees),Young Thug,5e5LyZy3k83xTQKnerVrif
Take Care,Young Thug,1mB1N8BVAN3BeyOes2uj1E
With Them,Young Thug,0tISnxqgVmxqhVghsTi2Rr
Memo,Young Thug,7tk5tOCj84jine8kKJkPYs
Drippin',Young Thug,0f85bMoarvHbdIcfhDjSjN
Digits,Young Thug,4cg1yakyRSIOjxKM2I7J1q
Worth It,Young Thug,5QCr1xFufKJOTkpcR9ih24
Tattoos,Young Thug,1vbUiccx25u2ncTe4RujS2
Problem,Young Thug,1o5jdqnWybW9Mau4GDWPMa
F Cancer (Boosie) [feat. Quavo],Young Thug,1qPK58q90l8KNoWyXsLI2Y
For My People (feat. Duke),Young Thug,7vAtyxWiSO24Q6tVj7LOGo
King TROUP,Young Thug,6uJmfWyFMLGCjvvRF5mpG9
Ridin (feat. Lil Durk),Young Thug,0sMZD2KXYkkR0xDZiBoI7g
Hercules,Young Thug,5MD2QLnFM2ChpKAh33z0zr
Special (feat. Offset and Solo Lucci),Young Thug,1DAl49mec3YC7a3Yc86Gz2
Bread Winners (feat. Young Butta),Young Thug,3dM1Tf9uBxpsStGmuWkbtg
Family (feat. Dora and Dolly),Young Thug,13unqv6c3ZC5Qz4J0yT2kF
Sometimes...,Tyler The Creator,4KgTrzmfiWNcVneh2Dd1Ou
See You Again,Tyler The Creator,7KA4W4McWYRpgf0fWsJZWB
Who Dat Boy,Tyler The Creator,21yRtB6B8EMounImAfHRCP
Pothole,Tyler The Creator,5SxlUF7J8tyFIEF22EomeP
Garden Shed,Tyler The Creator,6ACiYjq5Q7e6BlhZEHz7cd
Boredom,Tyler The Creator,5WNYg3usc6H8N3MBEp4zVk
I Ain't Got Time!,Tyler The Creator,430qNtapCS3Ue1yoSql1oV
Droppin' Seeds,Tyler The Creator,39u2PsqrAZpZ0KPx6CjasV
November,Tyler The Creator,4XDpeWqPADoWRKcUY3dC84
Glitter,Tyler The Creator,0qtK3XwbuG153dmwB8iepL
Enjoy Right Now,Tyler The Creator,3R1Vu4Ws7UitwDxDHTol0P
DEATHCAMP,Tyler The Creator,1dXYBALYTj3AMxa8hgiQhA
BUFFALO,Tyler The Creator,1qkPQxOTLFmx3bwUOV8Kzw
PILOT,Tyler The Creator,332Yig3HD2IdDigzlf5Ndl
RUN,Tyler The Creator,586xfl7VsCFPD9z5iJoKEp
FIND YOUR WINGS,Tyler The Creator,7er0EUMY653mxZ1NVD9mwQ
CHERRY BOMB,Tyler The Creator,1sJZgGyZJookIoyLi9jDOV
BLOW MY LOAD,Tyler The Creator,5DXJ7agkkKytxX8Z2x1fY3
THE BROWN STAINS OF DARKEESE LATIFAH PART 6-12 (REMIX),Tyler The Creator,629TRAVD61y1ZVNl9EOfEE
FUCKING YOUNG / PERFECT,Tyler The Creator,46CA1H0T1r7u5lDUtVveAh
SMUCKERS,Tyler The Creator,078C2jXg7XsMgW78Gfx1JA
KEEP DA O'S,Tyler The Creator,7zdanauvITJaq9OE7bBz0c
OKAGA,Tyler The Creator,2CnrJj6Jz4vSe5E1hsWtpg
WOLF,Tyler The Creator,2JZpS2sOdJy37oBpn1GuPW
Jamba,Tyler The Creator,3Z5pXxCb0O6L53vejFHhqQ
Cowboy,Tyler The Creator,2hjjUjikOa29kImnI5kQPw
Awkward,Tyler The Creator,6c7l5gpEyCNGr86jsWneGy
Domo23,Tyler The Creator,75kiQfmmuQwgquZ9RLSvuA
Answer,Tyler The Creator,6rqj2zeKhLy3exkuFi6mSz
Slater,Tyler The Creator,5wTpnBRTx1HSGQVDZQ2VSh
Colossus,Tyler The Creator,5AnVuHLmgipXkFmBvj2Q6H
PartyIsntOver/Campfire/Bimmer,Tyler The Creator,04QTBqa3IA4ZAKEuqRPzEH
IFHY,Tyler The Creator,0NjW4SKY3gbfl2orl1p8hr
Pigs,Tyler The Creator,5L4n81Ecf8UE837uJkuoJJ
Parking Lot,Tyler The Creator,1UBLglX9fPtTBZSwJj4yVG
Rusty,Tyler The Creator,4oQkcfukOHfKsmeoeXQLWC
Trashwang,Tyler The Creator,2OaPyH3JLuft6iuNFHFJl0
Treehome95,Tyler The Creator,2vLwhcsvRd1f2ETft1kWDN
Tamale,Tyler The Creator,60b6B2ULC85t4Y5IjZvP7A
Lone,Tyler The Creator,6oVFpdtDzSgRLv8rUgFVUW
Goblin,Tyler The Creator,7C8PNX6VQPDtUkVpRyXV8B
Yonkers,Tyler The Creator,1zsAAnB6dMpGOvXjoYP9Um
Radicals,Tyler The Creator,31LqHjk6Ya9sH4jJPBrTgu
She (Featuring Frank Ocean),Tyler The Creator,4y4KG66qCAN2TTevOAEjHy
Transylvania,Tyler The Creator,5iWjYr3AWMvnV2VVB08SqG
Nightmare,Tyler The Creator,4twFcxWUgcdvd6Irs4tamJ
Tron Cat,Tyler The Creator,5NBwUkF6megAVibpshbj4H
Her,Tyler The Creator,20CcOKuP3n7KKCFPQTwPxn
Sandwitches (Featuring Hodgy Beats),Tyler The Creator,2DK8CY56L5TB3gbmlUTNWD
Fish,Tyler The Creator,5NJJZ6RmSYWj9yNwHxvMtO
Analog (Featuring Hodgy Beats),Tyler The Creator,7Fe9DrgoqEiSv6et53YzwA
Bitch Suck Dick (Featuring Jasper Dolphin & Taco),Tyler The Creator,06SE6s3FChrgLtgES3E8W6
Window (Featuring Domo Genesis,Tyler The Creator,2vllFDKA5c5fMeMSA9U5Wj
AU79,Tyler The Creator,2E6EFM5c1IoR3hNVsC31qv
Golden,Tyler The Creator,5itoQvc6CnZAFGMe5mgG29
Burger (Featuring Hodgy Beats),Tyler The Creator,5wTaoqhcc7owSZsu61PxGr
Untitled 63,Tyler The Creator,7BH31yfRCKO64rMf1UTlby
Steak Sauce,Tyler The Creator,7iB57PpM6HkCr7KUVeTrBq
Fire,KIDS SEE GHOSTS,7oHkit3F3vimtsBbnZkU0G
Freeee (Ghost Town Pt. 2),KIDS SEE GHOSTS,7GRTrWsP3yo2Fx8umJfA1X
Reborn,KIDS SEE GHOSTS,4RVbK6cV0VqWdpCDcx3hiT
I Thought About Killing You,Kanye West,6EuE9M1viu9gkdFSafia9o
Wouldn't Leave,Kanye West,3dG6tjetoR4GMmUGZUprLt
Ghost Town,Kanye West,6Bg7MznA9X0dIhlAsLyBYj
Ultralight Beam,Kanye West,1eQBEelI2NCy7AUTerX0KS
Father Stretch My Hands Pt. 1,Kanye West,4KW1lqgSr8TKrvBII0Brf8
Pt. 2,Kanye West,1Wsbr1d2BouNGk2q92mIj7
Famous,Kanye West,19a3JfW8BQwqHWUMbcqSx8
Feedback,Kanye West,49fT6owWuknekShh9utsjv
Low Lights,Kanye West,36o4taPyOdnOMf01ERmn9a
Highlights,Kanye West,4qYLPta5HZ36idWiXtqh7B
Freestyle 4,Kanye West,6wfzokDylbrJzrJcpnBkcy
I Love Kanye,Kanye West,5CGS4UovzA7ftCJkLVXQju
Waves,Kanye West,3nAq2hCr1oWsIU54tS98pL
FML,Kanye West,30Zcjs7pgEkmJA1lEbGSWT
Real Friends,Kanye West,66Q3fAmSX5eHamgbKa9alP
Wolves,Kanye West,432hUIl3ISDeytYW5XBQ5h
Frank's Track,Kanye West,20r94xA0bsYNLtYSiOE6r3
Siiiiiiiiilver Surffffeeeeer Intermission,Kanye West,1ZnA4VYOlYIShuGt60LmCs
No More Parties In LA,Kanye West,0zLClc0emc6qUeV1p5nc99
Facts (Charlie Heat Version),Kanye West,3MnbXlC1N7GdS9M8HzA6no
Fade,Kanye West,3cCxoOgfi6hgt8MNteuiiD
Saint Pablo,Kanye West,1o0kWPueYo94LIjPYOE5Nf
On Sight,Kanye West,1gqkRc9WtOpnGIqxf2Hvzr
Black Skinhead,Kanye West,722tgOgdIbNe3BEyLnejw4
I Am A God,Kanye West,0HMCdlOPJkAGlB0MlSWIcO
New Slaves,Kanye West,4cAgkb0ifwn0FSHGXnr4F6
Hold My Liquor,Kanye West,5nIu0VwPOsjkF61zfevLKh
I'm In It,Kanye West,52NmkyHsGsHGb1UX8fTkMg
Blood On The Leaves,Kanye West,42GcjriRK6srwHkfbkBqVl
Guilt Trip,Kanye West,5nPOM0nFRAJ3XI8xCxNAzO
Send It Up,Kanye West,3RKblQNJs8HPvWBgXmq6nn
Bound 2,Kanye West,3sNVsP50132BTNlImLx70i
Dark Fantasy,Kanye West,7yNK27ZTpHew0c55VvIJgm
Gorgeous,Kanye West,23SZWX2IaDnxmhFsSLvkG2
POWER,Kanye West,2gZUPNdnz5Y45eiGxpHGSc
All Of The Lights (Interlude),Kanye West,4D6TpthzUVNTjWQqfBW5Kb
All Of The Lights,Kanye West,22L7bfCiAkJo5xGSQgmiIO
Monster,Kanye West,1ZHYJ2Wwgxes4m8Ba88PeK
So Appalled,Kanye West,6K07Ahf6V7CAQn0ikrOztl
Runaway,Kanye West,3DK6m7It6Pw857FcQftMds
Hell Of A Life,Kanye West,3rCNmRonlHN1TXQLcG3dSk
Blame Game,Kanye West,4EndPA8b6FDWYp1RgsnLEB
Lost In The World,Kanye West,2Im64pIz6m0EJKdUe6eZ8r
Who Will Survive In America,Kanye West,4e5IPJxSGVWPsaxQzdRseN
Say You Will,Kanye West,5e5MKPtJuFb8NaeSEyV5gD
Welcome To Heartbreak,Kanye West,3F18I7LhWKxlf1PytSoTBH
Heartless,Kanye West,4EWCNWgDS8707fNSZ1oaA5
Amazing,Kanye West,0m3Ze0cy8qBHSsV2exAfCw
Love Lockdown,Kanye West,1kxeWHF9PrCVZHvVskv8lg
Paranoid,Kanye West,0w2piYWj1F2bzUftzGJgK9
RoboCop,Kanye West,02LAK7qT1wya0klSeNO96f
Street Lights,Kanye West,6j8gTlbhj9KJSeypNcNAS9
Bad News,Kanye West,1nNPoG2hygEvrFGlHdhvJ9
See You In My Nightmares,Kanye West,5zuoz1NBnpoHK6g5sbEH8F
Coldest Winter,Kanye West,2RRFTLIglxHgAYQzsSLI4Y
Pinocchio Story (Freestyle Live From Singapore),Kanye West,6giHsGo1eSYZSXKdNwTC62
Good Morning,Kanye West,27eO3EGKIUU7yug1eOxUZu
Champion,Kanye West,7hNx9Dynz2fRO41L9AEVA8
Stronger,Kanye West,6C7RJEIUDqKkJRZVWdkfkH
I Wonder,Kanye West,6bXOlIfGIWh7Tyn4oyvLQW
Good Life,Kanye West,1fLdeDTrJWNkwOeFyAVLvF
Can't Tell Me Nothing,Kanye West,4ImL3v98u2BLkwnyQDjfRm
Barry Bonds,Kanye West,7kXINLuqpicfE1sDCZ3Xwv
Drunk and Hot Girls,Kanye West,1xMT0HHQbQFmGJXDq1ApgX
Flashing Lights,Kanye West,0ua0Go4NN4Td7l0Zre6Ce3
Everything I Am,Kanye West,1XQhZctQWzkznclbmbE7FQ
The Glory,Kanye West,39cpcnobaB8FdedVjHjXP2
Homecoming,Kanye West,2iaCM7WvOknQI1230hA9eK
Big Brother,Kanye West,19PtHjgLtiKGsrRoC1f9IF
Wake Up Mr. West,Kanye West,62KeM7jbmYvzT5FycdiQeS
Heard 'Em Say,Kanye West,6yIjtVtnOBeC8SwdVHzAuF
Touch The Sky,Kanye West,2dxjKgT0li4qBI3QwuN9Ih
Gold Digger,Kanye West,1PS1QMdUqOal0ai3Gt7sDQ
Skit #1,Kanye West,164al00XRSLWG6h4hc12bD
Drive Slow,Kanye West,6vB49BJ70zBpDrrAPwdaB8
My Way Home,Kanye West,0TzIHqhAbvYR6qJKrMMFlk
Crack Music,Kanye West,4fRTe59xEeNHT4uyAGsV27
Roses,Kanye West,2DHNCWZYmVr1Lv08q5b0kB
Bring Me Down,Kanye West,25K9cWrxNv991UYiOzBJqR
Addiction,Kanye West,5VzeI5JM2y9t21JwrWAnkH
Skit #2,Kanye West,466XcSgGAiQxcDrcV0yoMP
Diamonds From Sierra Leone - Remix,Kanye West,34KUIBsIUiPV7oCIzSdDAU
We Major,Kanye West,46fk9wjYcPm0sgym2b7EEE
Skit #3,Kanye West,2Xn5DIyAba7Fgyky3gU3rA
Hey Mama,Kanye West,46OFHBw45fNi7QNjSetITR
Celebration,Kanye West,7jAxGkXU58FwNMjqoMahn7
Skit #4,Kanye West,3zXhvJaLpxefYIxBE0cnB0
Gone,Kanye West,5RjbFGeWVsCpw8EcE8OrvZ
Diamonds From Sierra Leone - Bonus Track,Kanye West,4R5bSS8yoCl2czeWLr61aO
Late,Kanye West,1mFHMzbaECWFaPfoePoEYl
Intro,Kanye West,7lIr3vVhpDkU5mQEDcnA0S
We Don't Care,Kanye West,0IW0qaeyxL5Et4UG2MrJKB
Graduation Day,Kanye West,7wL7Lb8Q3aYyq6gmRL0PZq
All Falls Down,Kanye West,5SkRLpaGtvYPhw02vZhQQ9
I'll Fly Away,Kanye West,6MgGapP3EPFm9kYUvYBTZR
Spaceship,Kanye West,1ko2NuvWlQdxtNRc8QQzmT
Jesus Walks,Kanye West,5g1vtHqi9uV7xtYeCcFOBx
Never Let Me Down,Kanye West,34j4OxJxKznBs88cjSL2j9
Get Em High,Kanye West,5b2FFKC64kxqcfaFnIZxoM
Workout Plan,Kanye West,2a1JSfTePKhysdIif2bzut
The New Workout Plan,Kanye West,1Vp4St7JcXaUoJcIahtf3L
Slow Jamz,Twista,3A4cpTBPaIQdtPFb5JxtaX
Breathe In Breathe Out,Kanye West,4KFY4EEv9CN6ivrzD6vEvg
School Spirit Skit 1,Kanye West,25mwJPzWVmS2yronBNQJF1
School Spirit,Kanye West,1th3G3okofWlvGWAAR7Y4V
School Spirit Skit 2,Kanye West,5MAY7XyW322jMwLDtBQgsZ
Lil Jimmy Skit,Kanye West,4BhwlQ9mTwhFGXpQvP9JTV
Two Words,Kanye West,62wtttQzoIA9HnNmGVd9Yq
Through The Wire,Kanye West,4mmkhcEm1Ljy1U9nwtsxUo
Family Business,Kanye West,5DBmXF7QO43Cuy9yqva116
Last Call,Kanye West,7iOhWWYjhhQiXzF4o4HhXN
FourFiveSeconds,Rihanna,78TTtXnFQPzwqlbtbwqN0y
All Day,Kanye West,79reBHqpRoWXaQbjBBY3UC
Ghostface Killers,21 Savage,5u6vkDnOyaf8LsteDAj2ub
Rap Saved Me,21 Savage,0tdCy39PgWN8LFWu34ORn3
Ric Flair Drip (& Metro Boomin),Offset,7sO5G9EABYOXQKNPNiE9NR
My Choppa Hate Niggas,21 Savage,2D2w9943rsnJOGCrI4aMQp
Nightmare,Offset,7LAhKXDNWwq3CmnFP3UIOP
Mad Stalkers,21 Savage,6HR1z11h0ROUlWP4Kx8Z7G
Disrespectful,21 Savage,3oxCefEI6Tc6Z6t20J4IvH
Run Up the Racks,21 Savage,7vbjH8laThXpcBXeLNPm3M
Still Serving,21 Savage,6m6Oy3F6GG0zRwH03rWmTv
Darth Vader,21 Savage,7vg47qMIEdLfNdTE3WLf0T
Bank Account,21 Savage,2fQrGHiQOvpL9UgPvtYy6G
Numb,21 Savage,1vc2YF7ZvUtwr45HNpdGch
Bad Business,21 Savage,5ZIZgRrrDj60O0F5oA9bVz
Whole Lot,21 Savage,2aNdXtCtyoB2KrUh7pJYxO
Close My Eyes,21 Savage,1mxC48728CxBA7WdKw6nFB
Special,21 Savage,6QMlELXFU07NLdqv3DGNPI
Baby Girl,21 Savage,3rBwHfVPzmfR3ZVSliB0Om
Thug Life,21 Savage,0mhsw7HRwRwF79ES5ucP9Y
Famous,21 Savage,6g0TAJ1grweRwBMLQyiZFb
Dead People,21 Savage,74BIr8H03lr5L6LZ1friIa
Money Convo,21 Savage,54i1CQFlT3LeGdIVctDQp1
Nothin New,21 Savage,1szcZMcUlPjCItP4xNIU3E
No Advance,21 Savage,2kE82JhBcoS7mimFO1SqqX
No Heart,21 Savage,4gmmRb6bZJffOOiww1JGTO
Savage Mode,21 Savage,52hRcWmjRNFuVJv3Qi7EeF
Bad Guy,21 Savage,5TvdhNXoHbeGeWtjCYhFuy
Real Nigga,21 Savage,5V57eUQoTrMCZqonhzi8B9
Mad High,21 Savage,6hEHxpZpvZwt1v4NoGwjKr
Feel It,21 Savage,4ujX9kC3UUp26MG0tPhUCz
Ocean Drive,21 Savage,1UyLFPOIG7E1OfamPQLOfD
Go Legend (& Metro Boomin),Big Sean,3wAI7MIQtTgwcRmwchPZBc
Big Bidness (& Metro Boomin),Big Sean,42XnD59SFcomCJu55EPhqJ
Pull Up N Wreck (& Metro Boomin),Big Sean,7DuvVy7JfFgXwWlVzyyPys
So Good (& Metro Boomin),Big Sean,0fWBFDRTIuk8ZgNdZqhCer
Savage Time (& Metro Boomin),Big Sean,6Vur2D5ks3pdAZqqmLIeab
Even The Odds (& Metro Boomin),Big Sean,5cHorcEr5z7GC0DjKxiWF1
In Tune (& Metro Boomin),Big Sean,5bq7cr4wjs9LaK7V7onc5F
Reason (& Metro Boomin),Big Sean,4GvhvCrqxhpyMBUzwdDC0T
No Hearts, No Love (& Metro Boomin),Big Sean
Intro,Big Sean,35k5ePiDMMdacA7jIF9RFY
Light,Big Sean,0URaKGzNTtzKRtsJN1RkA9
Bounce Back,Big Sean,0SGkqnVQo9KPytSri1H6cF
No Favors,Big Sean,1MksGqIztTT6M9R1ErKVs8
Jump Out The Window,Big Sean,1jQsKN68yE94tMYml0wHMd
Moves,Big Sean,0Fv5N0cHBsl4bzCbollCAS
Same Time Pt. 1,Big Sean,7yoe9vbbzakNAXwb1UaWLS
Owe Me,Big Sean,1u0MOgWF1bbylVxpJG2ZjB
Halfway Off The Balcony,Big Sean,4atJ40xfasjdM9ZF3p07BV
Voices In My Head/Stick To The Plan,Big Sean,2pzuU8vLaG8W1P31X65ZP9
Sunday Morning Jetpack,Big Sean,5VlstKgCJPHDIMCQO4jHcQ
Inspire Me,Big Sean,7M62jxrvr7UJdo6DchAFf3
Sacrifices,Big Sean,1r0faljjM2b876iNoaDUh5
Bigger Than Me,Big Sean,6zpXc7WJ3TqYWb02B6sKyF
Dark Sky (Skyscrapers),Big Sean,2f1xAoQG7MAi4HTM3gOhW9
Blessings,Big Sean,6mevhNrcHqHgHgisXUNaqw
All Your Fault,Big Sean,3sPM57pMiIJnrB8K0Pds9G
I Don't Fuck With You,Big Sean,4qo0aBXSAj5WaXzpKzcXWj
Play No Games,Big Sean,3QicmLtjeMFqn1n4aoKYTV
Paradise - Extended,Big Sean,5Z0C84Bheh6tWReHCUSwJ0
Win Some, Lose Some,Big Sean
Stay Down,Big Sean,1iseKI8Fyn3IC86O6KceHB
I Know,Big Sean,4bwN8jyxfHmFFStSRy4F7h
Deep,Big Sean,3cNinQUA98lto0dGrUfAOI
One Man Can Change The World,Big Sean,2wyHiXes5gsguT8mwYofbC
Outro,Big Sean,1nUrTsXhkHI9e5BKaEP5Sp
Deserve It,Big Sean,4DhcorFL5TTEMuh17ZQUqY
Research,Big Sean,0nfkzX4y8O7Jxotd7bCu2C
Platinum And Wood,Big Sean,0fIdptEaBDh3FZii3PRwtt
Nothing Is Stopping You,Big Sean,2YhBJbeXBz2VsthtV5O4bY
Fire,Big Sean,11fPH8NoSw15IG5hWk5zLL
Toyota Music,Big Sean,5Pd7oO5U5fP9lXUjeUFMxi
You Don't Know,Big Sean,40XYVhxWCrpvwfTo2hZoER
Beware,Big Sean,6bxUnsSGZCmoHHU5auwtps
First Chain,Big Sean,6RGGi6UDemTjKwtAsIRBHv
Mona Lisa,Big Sean,6FjcShHWPvel5QPNhWivJe
Freaky,Big Sean,0voD21I5OCmqorwxeJc6Fx
MILF,Big Sean,5kzruPQIvdiTMKi4Rubb2H
Sierra Leone,Big Sean,08kRN04bnducQfDQWK0qRW
It's Time,Big Sean,5IhzqrLFV9TXamqWJpKaND
World Ablaze,Big Sean,083BwqY9ytOa7IxhuK7wee
Ashley,Big Sean,34Dk0bzjsXFDluNOgCwBAM
All Figured Out,Big Sean,7APbjv93QFw0qzoI2MQyfA
Mula Remix,Big Sean,4k1twluDPNSnrFd3Wxsibv
Switch Up,Big Sean,37QI1IlyU8UktPxyXv7Pms
Guap,Big Sean,7G0PgkkbavF7Rh4zNrUxH0
BOOGIE,BROCKHAMPTON,3NuN59jpH3B5cNa2M4r7XG
JOHNNY,BROCKHAMPTON,0q788echtkCMpQoQes4P6b
LIQUID,BROCKHAMPTON,557JEBNqSn0RU4H5RtY286
CINEMA 1,BROCKHAMPTON,2I1nii7UgtRh9zSvglybAJ
STUPID,BROCKHAMPTON,01oc1NWevpGhtCkiX5flPH
ALASKA,BROCKHAMPTON,7tI8c0zPTCulElXIw9aSbg
HOTTIE,BROCKHAMPTON,5lbCjKgdT9pvYjrtmSiRvL
CINEMA 2,BROCKHAMPTON,0czE98V6Vm2twAZNSgXoME
SISTER/NATION,BROCKHAMPTON,3ITHWKL9AmbFqtVnDnaXZh
RENTAL,BROCKHAMPTON,4O9tOyMOq8Oioun2MsULH5
STAINS,BROCKHAMPTON,0R6UBiz3fJk4lxhKR5799F
CINEMA 3,BROCKHAMPTON,2NYj7YnwO6MmcrLKVVab7V
TEAM,BROCKHAMPTON,3dzi1yJbrxUaPS3yjn9SgV
GUMMY,BROCKHAMPTON,42tBlHWL3VfDkUM2iWcc5p
JELLO,BROCKHAMPTON,1ZuQVisBNDRm51QIN9MajR
TEETH,BROCKHAMPTON,4x3gJSZ2CeyGW9I8X7DtAs
SWAMP,BROCKHAMPTON,6MTA4AwgmjVASTXpBEwvn8
SCENE,BROCKHAMPTON,5Kkmnf0Xi1pv6CaT3e7czy
TOKYO,BROCKHAMPTON,1CKhx6sSkUxzomXnYZqSMh
JESUS,BROCKHAMPTON,2WVsyRWVM6xyKkZadKu32E
CHICK,BROCKHAMPTON,6bMLXWNukxfiUqH1D0ud1Z
JUNKY,BROCKHAMPTON,7ujucw8kFBPIy9mz7DlmAq
SCENE 2,BROCKHAMPTON,3zAjkGy22FCXrCqSosQYkk
FIGHT,BROCKHAMPTON,7sJ7zlySCbRw6OjlLhVQMt
SWEET,BROCKHAMPTON,2DgMxFMUQRPthW4ROhjen1
GAMBA,BROCKHAMPTON,4zbb4mISfck5isCpFsjsr3
SUNNY,BROCKHAMPTON,6C1wn08cac9wcvJvGtuHi1
SUMMER,BROCKHAMPTON,66dQdXAbtuPdSasezCQVZE
HEAT,BROCKHAMPTON,2maEFaoAyNjQVv14Hm4esN
GOLD,BROCKHAMPTON,7HRv1sYuwgoea1m0JRvChV
STAR,BROCKHAMPTON,1xfFPJdRjgDAaMcDgbXwyh
BOYS,BROCKHAMPTON,1H3GqbebLfBjqY8rW9oVyq
SKIT 1,BROCKHAMPTON,5GR2ZJL0bRGvDHD5GfUVdE
FAKE,BROCKHAMPTON,4m2lVqfPeSTD3azgBJHowK
BANK,BROCKHAMPTON,68nnMoLj2Oamzlisy3Mg4e
SKIT 2,BROCKHAMPTON,6t7gHCcVCMMxQwFJgJvoP5
TRIP,BROCKHAMPTON,0oLQRGhq7ltPDF6ThfqQdc
SWIM,BROCKHAMPTON,5Jp0avXwxgYt75sjxQJxWw
BUMP,BROCKHAMPTON,6ntPF24RtHotzc3FhcFMH7
CASH,BROCKHAMPTON,0yvxop3XdQyWStwvuYP4dw
SKIT 3,BROCKHAMPTON,48Xt0Xy89L8gcwGyVqj3ug
MILK,BROCKHAMPTON,7ttVZD2510CE1pXJPJp0OQ
FACE,BROCKHAMPTON,5bknBRjKJZ643DAN2w8Yoy
WASTE,BROCKHAMPTON,1cuYCAodLWgzhwE2KFZ8rC
ENCINO,BROCKHAMPTON,0ZAwk2NAraPJX5SBaA4prX
BEN CARSON,BROCKHAMPTON,253490LtmZhYGUQy05eCNV
INFATUATION,BROCKHAMPTON,77SvwoWoNeed5uWuxbyujk
BREAKFAST,BROCKHAMPTON,1gH88s30KaEJO1mTFCyaka
MOSSCLIFF,BROCKHAMPTON,29uhwK9UBQFfwQTWisCHpF
CONTACTS,BROCKHAMPTON,0hkxAENNrJ18AzHqync5n3
PALACE,BROCKHAMPTON,7dQLzGuOPiJ4h6sI3MXW4j
FLIP MO,BROCKHAMPTON,0x8HtI3EVt71sczlt9m88k
HOME,BROCKHAMPTON,2anAr4t1wpiy2qBK9CGnyn
COTTON HOLLOW,BROCKHAMPTON,5u0ST4fd1oLp4SOpoWWXGl
POISON,BROCKHAMPTON,35Ltt0LLmwy9NkUkX432Rx
LOST IN LOVE,BROCKHAMPTON,6TnLGwBYhlTQFn7gzaxgHG
Intro (Difference),Bryson Tiller,39a23fzBmNlAzz7fHok1Jo
Let Em' Know,Bryson Tiller,5QDGKcQLqOJvoiu8eScEaM
Exchange,Bryson Tiller,43PuMrRfbyyuz4QpZ3oAwN
For However Long,Bryson Tiller,5g30WoqK1Dv5Bnwpusp2vk
Don't,Bryson Tiller,3pXF1nA74528Edde4of9CC
Open Interlude,Bryson Tiller,2uYnktBpKbr8YuiLit7WiZ
Ten Nine Fourteen,Bryson Tiller,725fdnXEqS0Xs1sTvdNuHq
The Sequence,Bryson Tiller,5vjV8rtLO9H1XVMFTXSbnZ
Rambo,Bryson Tiller,5RqsqQU0erB0OgLbwem6pU
Sorry Not Sorry,Bryson Tiller,16bHRxM89ue0TiCKARYbRp
Been That Way,Bryson Tiller,0zg5XJPiga7E5FxiehriG2
Overtime,Bryson Tiller,2gq9iG0maBxkuZI7yfGJuv
Right My Wrongs,Bryson Tiller,5rgrBsAFYMun6yhtnLKRPz
Rain On Me (Intro),Bryson Tiller,52LjL3x9tNh6C4eI6SMceX
No Longer Friends,Bryson Tiller,4IdAIZRVkwuQQnHpi529cn
Don't Get Too High,Bryson Tiller,0OVhQZkNe7lh0fQeH96EFW
Blowing Smoke,Bryson Tiller,4B2OmQGLBVB51aYNgUvXeM
We Both Know,Bryson Tiller,3tuyK9qfen7lPMji9Saw3d
You Got It,Bryson Tiller,5xGH4fqJwvMynXn3dcmbpr
In Check,Bryson Tiller,4nBhjVklA3Mtnyzshg4KmD
Self-Made,Bryson Tiller,2rUwQj4SWaP2anuGDtNpYR
Run Me Dry,Bryson Tiller,5GG3knKdxKWrNboRijxeKF
High Stakes,Bryson Tiller,6ZCsp2zQsSTCilvGVefGVN
Rain Interlude,Bryson Tiller,13jkajO7W5ZixoVmtU2eLl
Teach Me a Lesson,Bryson Tiller,4KVVCo25PROevpOdHyvYRk
Stay Blessed,Bryson Tiller,6dxU7Xf9j2yNI7aCcT8W1g
Money Problems / Benz Truck,Bryson Tiller,3S4wKj113KHgqtZt52Dcd1
Nevermind This Interlude,Bryson Tiller,0kZOgFGhGfYW5WmdiTb5VV
Before You Judge,Bryson Tiller,55o72A8eQo8UVYHbKf9aXX
Somethin Tells Me,Bryson Tiller,3Jrs7cC2OJNlNSy9VnDOMZ
Always (Outro),Bryson Tiller,5TY8TK26gzqUcVLSymvNx9
All We Got (feat. Kanye West & Chicago Children's Choir),Chance the Rapper,3ZLyt2ndLFBh148XRYjYYZ
No Problem (feat. Lil Wayne & 2 Chainz),Chance the Rapper,0v9Wz8o0BT8DU38R4ddjeH
Summer Friends (feat. Jeremih & Francis & The Lights),Chance the Rapper,2fl0B0OaXjWbjHCQFx2O8W
D.R.A.M. Sings Special,Chance the Rapper,6VndlbaMjAscnEeqrVkMN2
Blessings,Chance the Rapper,2VQc9orzwE6a5qFfy54P6e
Same Drugs,Chance the Rapper,6m9qPYXmhge2QhBLfFKnVF
Mixtape (feat. Young Thug & Lil Yachty),Chance the Rapper,0WCbhE2evMrIwRM0DlMy9k
Angels (feat. Saba),Chance the Rapper,0jx8zY5JQsS4YEQcfkoc5C
Juke Jam (feat. Justin Bieber & Towkio),Chance the Rapper,3eze1OsZ1rqeXkKStNfTmi
All Night (feat. Knox Fortune),Chance the Rapper,60xaS8mYBKUW4VQQ666N0T
How Great (feat. Jay Electronica & My cousin Nicole),Chance the Rapper,0OT0cCKbSmSMRvyWeqEFBq
Smoke Break (feat. Future),Chance the Rapper,1Uq3IOIy1CUlHUgP6vWpum
Finish Line / Drown,(feat. T-Pain Kirk Franklin Eryn Allen Kane & Noname),2AgnbuzvnfPvq1sAYNB4pj
Blessings,Chance the Rapper,5IdQEHgtmj9th3OkfQKhf8
Belieber,Chief Keef,77HIDnlmuggHohtAPpb0Ol
Rawlings,Chief Keef,26gQQcCHXQ5zRRtCsqyowf
TV On (Big Boss),Chief Keef,2LRkr5PNc0LdkL14xutleS
Uh Uh (feat. Playboi Carti),Chief Keef,3TvnVynctZJjAaZjNyIVpS
Sky Say (feat. Tadoe),Chief Keef,5xaF3URSabp1MydLiqw4l3
Hand Made,Chief Keef,1kmESRKGQCI7CG5JRHmrGO
Get This Money,Chief Keef,6CG9xRrXqDrtdm3UkaYKov
Yet,Chief Keef,67uSP6IdTl376NyU0BmDnc
Part Ways,Chief Keef,717mh99cWNqJAwOEf2E8fO
Tragedies,Chief Keef,1BonFFxVEKGbwkGuRP4wzc
Letter,Chief Keef,0r7RTM1NTGDSopi5AtP5hR
Love Sosa,Chief Keef,4IowQDUOzUvNtp72HMDcKO
Hate Bein' Sober,Chief Keef,3SuzCeGoNOWmbWOoDMou0B
Faneto,Chief Keef,6l4qV9VNeCOesvcLPJMO9y
I Don't Like,Chief Keef,2ikkgfIIM9kGKZCXzXnTpj
Don't Like.1,Kanye West,12D0n7hKpPcjuUpcbAKjjr
Glory Bridge (feat. A Boogie Wit da Hoodie),Chief Keef,2ENth3nnXeeoo41Ze14eFG
Gang Gang,Chief Keef,7y3PTU4tlSdpn2tW6bhv0F
I Need More,Chief Keef,7nDmMg58CWBVrrzv4MStyk
The Library - Intro,Childish Gambino,2jQIzjFeqCT3jOUi3dIlWB
I.Crawl,Childish Gambino,2peoIrd4v8r4HXNPXePIXQ
II. Worldstar,Childish Gambino,4oRqSiVyGrwb8dnJBO6FNu
Dial up,Childish Gambino,5Bn2fo4Ri8ikJXmpiQBoL3
I. The Worst Guys,Childish Gambino,7pRcWov3NHxi0GDkKdbSb0
II. Shadows,Childish Gambino,2uMMGgkTOBisJpzyvMzNWm
III. Telegraph Ave. (Oakland by Lloyd),Childish Gambino,7yCw7WbWOIRYe7z2aRjAaA
IV. Sweatpants,Childish Gambino,2rmq49FcJ4U3wh1Z7C9UxE
Playing Around Before The Party Starts,Childish Gambino,2DxKSe9ZWmZUXGdbXCcPET
I. The Party,Childish Gambino,4raEiDlfGu9dgeOfqldy0b
II. No Exit,Childish Gambino,3ebRmYrOYceH3NNowFoZVn
Death By Numbers,Childish Gambino,7JSdsfOoM8ueAuqPOrjc4T
I. Flight Of The Navigator,Childish Gambino,2XSKbNkH4EeuvoOs8dliBH
II. Zealots Of Stockholm [Free Information],Childish Gambino,6vy95NfrMeUfaXpaTm4O53
III. Urn,Childish Gambino,2UOAaxhSOWDgSaIWYeoaJk
I. Pink Toes,Childish Gambino,2D5Dd3clzZGTv6H9mtAAQq
II. Earth: The Oldest Computer (The Last Night),Childish Gambino,5WCuoYligCr05q99p5D50S
III. Life: The Biggest Troll [Andrew Auernheimer],Childish Gambino,4hZ9MbRJoxzDhx5WJlnDIA
Outside,Childish Gambino,2VtpdevRsfoxtWlnVm1l8A
Fire Fly,Childish Gambino,06WD650Zt5MQ55kFMP2f3r
Bonfire,Childish Gambino,4zGvb8hxGLB2jEPRFiRRqw
All The Shine,Childish Gambino,2ZBr6a8ecFqLJA0lcvFPCc
Letter Home,Childish Gambino,076K8Jg7xmjCMn816yZboV
Heartbeat,Childish Gambino,3HooZZPp0evFShqaJ2Pwer
Backpackers,Childish Gambino,03ImchswSXPA2KzLrc9hAL
LES,Childish Gambino,2KMCM2dirSnthfYKNjS8iT
Hold You Down,Childish Gambino,4wv0lOxuHGbnLXVBFmxfxy
Kids,Childish Gambino,3z1eL3iolJSdiYEEodX1k0
You See Me,Childish Gambino,1eEPKr5gzWVSZKiMWIMZYa
Sunrise,Childish Gambino,5hMxgvMmI99alD8JJpjO0w
That Power,Childish Gambino,6O8iT490HuTFVjQo3eHdoi
Feels Like Summer,Childish Gambino,7p4vHnYXkxlzvfePJVpcTr
This Is America,Childish Gambino,0b9oOr2ZgvyQu88wzixux9
Survival,Drake,2yg9UN4eo5eMVJ7OB4RWj3
Nonstop,Drake,0TlLq3lA83rQOYtrqBqSct
Elevate,Drake,3szf2z1Cy1QMrtHrbn8rz9
Emotionless,Drake,5Psnhdkyanjpgc2P8A5TSM
God's Plan,Drake,6DCZcSspjsKoFjzjrWoCdn
I'm Upset,Drake,3qN5qMTKyEEmiTZD38BNTT
Mob Ties,Drake,7rC5Pl8rQSX4myONQHYPBK
Can't Take A Joke,Drake,1dUHF4RyMmMTveJ0Rby6Xm
Sandra's Rose,Drake,6cblRiEGDRNZgowcm951R3
Talk Up (feat. Jay-Z),Drake,4ksuI04WMvUnJbHQjgs3L5
Is There More,Drake,1Tnw0ItH1Macok8gblnPPd
Peak,Drake,11L064movtyopGdLiX4sVg
Summer Games,Drake,4HG1YiGBseVKzjyKcmAJen
Jaded,Drake,4c2xt1trwYZpMqPWY35Xi9
Nice For What,Drake,3CA9pLiwRIGtUBiMjbZmRw
Finesse,Drake,2WP8G2pdddDmnh1xbfKBOI
Ratchet Happy Birthday,Drake,4SUwJA3eUVNHExxMPEUhQe
That's How You Feel,Drake,41a7dZcq30Ss5kPMayWRV0
Blue Tint,Drake,4n1bdaKwynQndm47x5HqWX
In My Feelings,Drake,2G7V7zsVDxg1yRsu7Ew9RJ
Don't Matter To Me (with Michael Jackson),Drake,6G8kHiVZ1jW7vHMPVRNZU0
After Dark (feat. Static Major &amp; Ty Dolla $ign),Drake,3mvYQKm8h6M5K5h0nVPY9S
Final Fantasy,Drake,44Du2IM1bGY7dicmLfXbUs
March 14,Drake,09lmraDvzBT3pUQ2rUtJzK
Keep The Family Close,Drake,7sBwAWyXfiIgrYQ8BaJESH
U With Me?,Drake,03L2AoiRbWhvt7BDMx1jUB
Feel No Ways,Drake,3cjF2OFRmip8spwZYQRKxP
Hype,Drake,5NFYuqu8V6QXc6mzcLImd6
Weston Road Flows,Drake,4PA16FAl8LPmFmOhARawdV
Redemption,Drake,4cRBqWBjuccCowYVHFlXK6
With You,Drake,3aJkV6DUTSCqOwVwaBDG9B
Faithful,Drake,2qLcJOLrh6Djda4uLbldSA
Still Here,Drake,433P7tDcIAi6NLnf4Sh6tI
Controlla,Drake,3O8NlPh2LByMU9lSRSHedm
One Dance,Drake,1zi7xx7UVEFkmKfv06H8x0
Grammys,Drake,5e574bhjycX1eH2l4Auage
Childs Play,Drake,3NxAG2ni1lLa8RKL6a0INc
Pop Style,Drake,5mPSyjLatqB00IkPqRlbTE
Too Good,Drake,3BtuIIrQlkujKPuWF2B85z
Summers Over Interlude,Drake,3ppVO2tyWRRznNmONvt7Se
Fire & Desire,Drake,4BhGTc3Cgay2U1QcTS7vQe
Views,Drake,7MjSipTto9QljYzZnloXOn
Hotline Bling,Drake,0wwPcA6wtMf6HUMpIRdeP7
Digital Dash,Drake,0GR7iJLhj80KD5LkA14ZRn
Big Rings,Drake,7jslhIiELQkgW9IHeYNOWE
Live From The Gutter,Drake,2uTG00P1DkhB97pdITkl2O
Diamonds Dancing,Drake,2AGottAzfC8bHzF7kEJ3Wa
Scholarships,Drake,0B5OTb36fzLayn6XQHg5A1
Plastic Bag,Drake,76kyKtPLsFbQkdQ86QrkF4
I'm The Plug,Drake,6bqtKURdSWkInAJHDkuaL0
Change Locations,Drake,4gowy3WT6D1yhMLgRBlf9C
Jumpman,Drake,27GmP9AWRs744SzKcpJsTZ
Jersey,Future,2ACys0pX0SjmpQmQWzp7wt
Legend,Drake,1ID1QFSNNxi0hiZCNcwjUC
Energy,Drake,79XrkTOfV1AqySNjVlygpW
Know Yourself,Drake,5InOp6q2vvx0fShv3bzFLZ
No Tellin',Drake,2durxb17bXcmQJHSt8JAdO
Madonna,Drake,4v7SAP4KD96BFLWiCd1vF0
Star67,Drake,2mmUoyPxzbxehpfm1TpTRK
Preach,Drake,1OHoBC4icbuNhpSxP400sv
Wednesday Night Interlude,Drake,6oLHyWvmk6bKrA91EIYZBp
Used To,Drake,63p3Slj0shAFP0Q7dQetj5
Now & Forever,Drake,4zLOwx1yRJXWkHKt1XzF1p
Company,Drake,6ImxYXeLDQPIv4qo7bMhSk
You & The 6,Drake,2YaDRtIlQiZ5WDDB2YuEOC
Jungle,Drake,7JXZq0JgG2zTrSOAgY8VMC
Over My Dead Body,Drake,2Gnsof1hvZzjE1xdLRpjtf
Shot For Me,Drake,6Z01gUquJsjJC67uNWm6P0
Headlines,Drake,6LxSe8YmdPxy095Ux6znaQ
Crew Love,Drake,0V4l4GQhgnWQGtCWpvA7va
Take Care,Drake,124NFj84ppZ5pAxTuVQYCQ
Marvins Room,Drake,047fCsbO4NdmwCBn8pcUXl
Buried Alive Interlude,Drake,1ZyudLFv35SRvY5SvTZqJx
Under Ground Kings,Drake,1D9XLqQp2YYiOxrr5KLb8K
We'll Be Fine,Drake,7udsBKuqnJ5csWTAkR0vEI
Make Me Proud,Drake,7yfg0Eer6UZZt5tZ1XdsWz
Lord Knows,Drake,1QBwk6GTCxVdC2hoSw9tlM
Cameras / Good Ones Go Interlude - Medley,Drake,2FbGlEPAjNhWvrVvlentVq
Doing It Wrong,Drake,4eSGSqP2TZvvX0kadZZttM
The Real Her,Drake,74atKkOasLOVzvqB6mYgga
Look What You've Done,Drake,7t1lBIr3WIEtqQEOdZFMUf
HYFR (Hell Ya Fucking Right),Drake,0m1KYWlT6LhFRBDVq9UNx4
Practice,Drake,0jF2AdhsalO1L7KkhK4LE5
The Ride,Drake,4xRxYWgAtL6pzRz94GlZlA
The Motto,Drake,4Kz4RdRCceaA9VgTqBhBfa
Fireworks,Drake,73tgFzBug5Ifk1Retdtwk7
Karaoke,Drake,5bDEA48Dxyxoc3K4Dt7yRE
The Resistance,Drake,0llA0pYA6GpGk7fTjew0wO
Over,Drake,6BdgtqiV3oXNqBikezwdvC
Show Me A Good Time,Drake,7v0hKO3RYhEXt2EPXf4AOS
Up All Night,Drake,75L0qdzRnhwV62UXoNq3pE
Fancy,Drake,3fpTMuD1u3gJlVI4FadVHs
Shut It Down,Drake,3d8PDk3B4am5c6TsUCznUW
Light Up,Drake,0PWQqF5PvqRq0OPLSH0FKI
Miss Me,Drake,1U4mweNwisxNj23ffuC9gO
Cece's Interlude,Drake,2G7QCDuRM7rTj0pX21e0xk
Find Your Love,Drake,4BycRneKmOs6MhYG9THsuX
Thank Me Now,Drake,3cBUv0RIoEyAm2b7qimEY6
Back To Back,Drake,5lFDtgWsjRJu8fPOAyJIAK
B,Jaden Smith,2xRAjk4negXToDRWaquwi2
L,Jaden Smith,4QdhBoxArVglwtFelJBRYY
U,Jaden Smith,5nKvjxx3eE9MAQEOze4CQa
E,Jaden Smith,2Ze20biMJKPs5ferKqZKpO
Breakfast,Jaden Smith,7w1jmCxkcpNWR5pCAqLTNS
Hope,Jaden Smith,61Xk9Rt62NgFmitovr63qm
Falcon,Jaden Smith,7uCqYXqmyZGer1rRzmRzQB
Ninety,Jaden Smith,0S8GGWfeEyAskQsaWFAImL
Lost Boy,Jaden Smith,72LCZsuUL5Kuqjk3OTff4J
Batman,Jaden Smith,5EsJiys3VI1FzqQTbDghuY
Icon,Jaden Smith,05JNXitaOrwyhpg56VMExZ
Watch Me,Jaden Smith,5vYsxAW14Dr8hFrmpcuwFc
Fallen,Jaden Smith,2wmY26X9REpfMpSDEHK2aT
The Passion,Jaden Smith,1iEzaLPkfjCkLrv5DFReUY
George Jeff,Jaden Smith,638msLqxOIn3fdth6PF7xo
Rapper,Jaden Smith,1HyvUGN14q7iud8e6lexUD
SYRE,Jaden Smith,6qrCymWvb24MkQ2FERQ7pv
Intro,J. Cole,52Hq1nvCDDZ17dhgGWLnCI
KOD,J. Cole,7yotKA30dwTKNEGomV9ZsI
Photograph,J. Cole,0bhnUFDQFCEHCBlsQfHnj5
The Cut Off (feat. kiLL edward),J. Cole,3rFF7kSm5qBOOPs6ljFgPp
ATM,J. Cole,2UciqgwVDwro0fev3MFbxJ
Motiv8,J. Cole,1AT4xjNarTswd0UZ5FlmKF
BRACKETS,J. Cole,5sWbwccBcyHsg5LEKWGZo9
Once an Addict - Interlude,J. Cole,0Px86mRlxdB3YqpK6KXWlr
FRIENDS (feat. kiLL edward),J. Cole,6onwlDmIVKE8bBgyBRSuS0
Window Pain - Outro,J. Cole,5Lgqu1th1KqlG97OF2gWGe
For Whom The Bell Tolls,J. Cole,3MWlVSkoLS1e66nlZ2tuWJ
Immortal,J. Cole,6AGON2BGdPmPMJGiiNuuwl
Deja Vu,J. Cole,6I6NX6tjGsxFAsIfGzY9lJ
Ville Mentality,J. Cole,2z3joGXrdGL2iEjIKQTiN1
She's Mine Pt. 1,J. Cole,0HtOJj7Kl74s1Ngf3MWeif
Change,J. Cole,3pjUyVbFmM96tYhSaKJwTt
Neighbors,J. Cole,0utlOiJy2weVl9WTkcEWHy
Foldin Clothes,J. Cole,77IAeEz8LEchPN8UNjaTJ2
She's Mine Pt. 2,J. Cole,5rmcjZTrE9JR1YrbNZDFNW
Intro,J. Cole,4YwNf1fLZt9IQhJeHNWfBi
January 28th,J. Cole,6NyhBA9M6KK0fuVsojxL00
Wet Dreamz,J. Cole,6Ius4TC0L3cN74HT7ENE6e
A Tale of 2 Citiez,J. Cole,7lL3MvFWFFSD25pBz72Agj
Fire Squad,J. Cole,4Tjh34RS4ACZ6f6srlDBg8
St. Tropez,J. Cole,4qRjfovbhI4EwP7VQNfxVW
G.O.M.D.,J. Cole,16qYlQ6koFxYVbiJbGHblz
No Role Modelz,J. Cole,62vpWI1CHwFy7tMIcSStl8
Hello,J. Cole,30Chv2SmIry70YwtmtaKnj
Apparently,J. Cole,1HNs07uZxZniPNmniw2GTa
Love Yourz,J. Cole,4gkl7QbQvBd3TM9PhlWFkI
Note to Self,J. Cole,01VGA34ATxwp0Xo1ldduo2
Villuminati,J. Cole,3YjQfsV7vIDj0eovuUlbK7
Kerney Sermon (Skit),J. Cole,38k4PhKjLcPOiSdobEgXCW
Land of the Snakes,J. Cole,4cvUik0BhfRXJyEGtTYuut
Power Trip,J. Cole,7FOJvA3PxiIU0DN3JjQ7jT
Mo Money (Interlude),J. Cole,3Iz0A1nuTjiLvXQaBxjWzn
Trouble,J. Cole,4pqiLICe0uTHb9WfY02ek9
Runaway,J. Cole,6uslSzMm1xIuCf5p9ECEtz
She Knows,J. Cole,282L6SR4Y8Rs0VUgtEy1Zw
Rich Niggaz,J. Cole,0QpYkajexWrB0P3TWvkHlm
Where's Jermaine? (Skit),J. Cole,7fn3jCTpdh4oUxOaAXyI40
Forbidden Fruit,J. Cole,5kpnUpMNV9dPNCKY7JtW3Q
Chaining Day,J. Cole,5A0NEY8GOCB3ErRSRPpY72
Ain't That Some Shit (Interlude),J. Cole,5Je1fS7wNMhngKuU0fKUvw
Crooked Smile,J. Cole,6JG0qhINKVwiHxqN85j7RG
Let Nas Down,J. Cole,26RcjBcThMrZ8KvsqApOvN
Born Sinner,J. Cole,2wQVmS0j4xcSbEK8CLEgwz
Miss America,J. Cole,0aKjN6mBKSMmP3TpfezOxM
New York Times,J. Cole,5u89YD9CJMFVfFqUoeGy2P
Is She Gon Pop,J. Cole,1PQAocUDoT1Q90Sabu1MTu
Niggaz Know,J. Cole,7ncDwhSTgCZuL3OZNkvZ97
Sparks Will Fly,J. Cole,4fFZW98VLhdZSlyC07wt6v
Summer Knights,Joey Bada$$,2NDXdxZjbm5EbbEEDSKXQV
Waves,Joey Bada$$,3AM2ihc5RFzbC47eCpTg2I
FromdaTomb$ (feat. Chuck Strangers),Joey Bada$$,18Y3zi59zjRVUEjUhdApSX
Survival Tactics (feat. Capital STEEZ),Joey Bada$$,4pNT8XTKWb2vhcsqwzdXCT
Killuminati (feat. Capital STEEZ),Joey Bada$$,2PxwwqB4f9x72jbw6AgR1s
Hardknock (feat. CJ Fly),Joey Bada$$,3QbsrWxq3JyNov94VzbNdB
World Domination,Joey Bada$$,1W4qc7UnAuRmT93W8Ad1t1
Pennyroyal,Joey Bada$$,2miKV8OiAhmZPjhCzgRnvw
Funky Ho'$,Joey Bada$$,1rZvU5sb2E8LuJTAqEdAiw
Daily Routine,Joey Bada$$,7fMG4HNSKzBFKthjmeW8LU
Snakes (feat. T'nah Apex),Joey Bada$$,3dkLUA4zs07CnhchRuRV6J
Don't Front (feat. CJ Fly),Joey Bada$$,24TUPoKOVqKT1hZHV63FUV
Righteous Minds,Joey Bada$$,7dFGkZbmm6cVlI28bfMaWE
Where It'$ At? (feat. Kirk Knight),Joey Bada$$,4rkfCWtPe63QU1HXsVTcpc
Third Eye Sh*t (feat. Pro Era,Joey Bada$$,046k0tkM8kI1D1UbmSsIsW
GOOD MORNING AMERIKKKA,Joey Bada$$,3sHSPjEF7Elsn2K9tgt3vl
FOR MY PEOPLE,Joey Bada$$,5URYXSFGks9Q8eYePlgVdL
TEMPTATION,Joey Bada$$,7L9g4cPfohScjJ8mGwLQWr
LAND OF THE FREE,Joey Bada$$,6xz04ypw5JsqiyityCASG1
DEVASTATED,Joey Bada$$,4ntsD33Pgsgk8rUyZLLiUV
Y U DON'T LOVE ME? (MISS AMERIKKKA),Joey Bada$$,2du3gY4bJg7jTryvzFNbHf
ROCKABYE BABY (feat. ScHoolboy Q),Joey Bada$$,31mqc7EKPsJf3pe6H5jEfC
RING THE ALARM (feat. Nyck Caution, Kirk Knight & Meechy Darko),Joey Bada$$
SUPER PREDATOR (feat. Styles P),Joey Bada$$,0dKLHSqcu9vuFgnb0O8rff
BABYLON (feat. Chronixx),Joey Bada$$,3Zll5MbCF6D7Tg7lsH9KYI
LEGENDARY (feat. J. Cole),Joey Bada$$,5csdNgCD64XzhsyoRlhzsa
AMERIKKKAN IDOL,Joey Bada$$,0O5brqyThK4RkcbhGGwJZU
Save the Children,Joey Bada$$,1aUVoQ585e3oQDYWC8u6jV
Greenbax (Introlude),Joey Bada$$,1LIMTvnXQvFxCics9oBrk9
Paper Trail$,Joey Bada$$,7g8rz7xe0G4Go0tTZAXcOx
Piece of Mind,Joey Bada$$,0njNxlyVEyz0zdYi5Q6I8l
Big Dusty,Joey Bada$$,3eRu1vN9EBHm9DqzYpjCp3
Hazeus View,Joey Bada$$,3f99yoSrsnyH6vn58aVRzU
Like Me,Joey Bada$$,78kHHBanEhDPeKuWj4eP0s
Belly of the Beast,Joey Bada$$,21TBEahS1NHc27b71sVA62
No. 99,Joey Bada$$,7AnhouAPLAx7hgceMtW2nK
Christ Conscious,Joey Bada$$,1vGgH0JBvC7d25JBO7oo6c
On & On,Joey Bada$$,4JmlKedZ7D1omV4hx9gjcH
Escape 120,Joey Bada$$,3HgT0QCiRizcbVQx09RjaP
Black Beetles,Joey Bada$$,1wvPULq0vY0ajlfTriADX7
O.C.B.,Joey Bada$$,7CpAm0quBQcCd3rXx8AJGo
Curry Chicken,Joey Bada$$,0x0Qdvk4RtiORXJYhVe9qF
Run up on Ya - Bonus,Joey Bada$$,5E4wzpFTp9h7GdBxC2iBzT
Teach Me,Joey Bada$$,29Hp0K5PLTLrlnBDYeLzvv
No Love,Kevin Gates,1bOvOZbpwVDDpLMmagxLEo
McGyver,Kevin Gates,5CGG5T4TQSggqIATy5eHPb
Had To,Kevin Gates,6Y0kwGULORFXHzwOBUlMqf
Fuckin Right,Kevin Gates,5i7jTSYQ2tkBHMZ96ZCb7C
Beautiful Scars (feat. PnB Rock),Kevin Gates,3fFMwoU0tS2IqfRCGNOMP1
Attention,Kevin Gates,2ytb88Kj6veHUYFx9oe1T6
GOMD,Kevin Gates,3yRmOCGoYJO0PZkovJCqSD
D U Down,Kevin Gates,0fivzT98mFK9EZAtJtV2iW
What If,Kevin Gates,0xLveImn5AxGYzeyw1oz9O
Came Up,Kevin Gates,4DzIVmiCe8CZVi98F4QNpq
Imagine That,Kevin Gates,7CCb8IeGwXfnENvvGnCk9c
No Trust,Kevin Gates,6mtOCoQKOhZQMwAFfRdhWw
Jus Wanna,Kevin Gates,3QOUNGdI8OPU9Y8O76xWAm
Why I,Kevin Gates,4gghsmdN9kkDISIP3i9t6W
Not The Only One,Kevin Gates,5FQd4JXRcl2UwIToN7hkkk
Really Really,Kevin Gates,10I3CmmwT0BkOVhduDy53o
Pride,Kevin Gates,4tiw8jOWRemDkmthcSnFA8
La Familia,Kevin Gates,7gwDqZmkyNf5YCSXpxLWwd
Time For That,Kevin Gates,1gZNqH0rDxD1mXLeul1Qq7
Thought I Heard (Bread Winners' Anthem),Kevin Gates,0zG0ZeNkaoDxytigYwdt1G
Hard For,Kevin Gates,0YSTRuZ7elW9CEBfZJW5Js
Ask For More,Kevin Gates,74S3azZUoZetD3hx23orXU
One Thing,Kevin Gates,6zvsh5ev7zJ8gz96bfBnZx
The Truth,Kevin Gates,3U9uz6rqqN68P2ZfuYs9RI
Kno One,Kevin Gates,3Ec6M3rgVtxrA4V3YHWz0v
Told Me,Kevin Gates,6BY6dsns8hz3wfa0RqV7A2
Ain't Too Hard,Kevin Gates,2webzYYvam4POzSQV5CMxj
I Love It,Kevin Gates,3Zi1L2JG3zy4YMIwVF78vy
Jam (feat. Trey Songz, Ty Dolla $ign and Jamie Foxx),Kevin Gates
Excuse Me,Kevin Gates,0RKdZIHvksNhYpyDs1fY3x
Two_,Lil Uzi Vert,1DZx0LEctNXUHQ9VQFKlgl
Sauce It Up,Lil Uzi Vert,5evSAk9q0l3TfF5dYDwDBO
No Sleep Leak,Lil Uzi Vert,7284Lm1fMEABEFBrtMgUWR
The Way Life Goes (feat. Oh Wonder),Lil Uzi Vert,2YQLTpUSFCQo9FEe29YPYs
For Real,Lil Uzi Vert,0DZ9wBfMCH17odOgdTmNlB
Feelings Mutual,Lil Uzi Vert,3ozS5DsfzFfrlgZpxEMjb0
Neon Guts (feat. Pharrell Williams),Lil Uzi Vert,2BUXjDhEuVLvEzFI6tabOF
Early 20 Rager,Lil Uzi Vert,0QsHgUWosVmZS49Hrsv5xC
UnFazed (feat. The Weeknd),Lil Uzi Vert,0RyWaVjR8Mi4Qx9J3IiiqF
Pretty Mami,Lil Uzi Vert,6e4uygu304YYNYAeISlPgO
How To Talk,Lil Uzi Vert,6jeSBflg8OBRZJchEbKSlV
X,Lil Uzi Vert,6nxvVPzS7gnyDthFNvTSxn
Malfunction,Lil Uzi Vert,6GLujG5wXuXyPjknUFOQVK
Dark Queen,Lil Uzi Vert,0cGPqSBtm0UJLo1HCziww9
XO TOUR Llif3,Lil Uzi Vert,3EWaR09H3TkRgaLTIheYFr
Skir Skirr,Lil Uzi Vert,77V8N0imMUga8hUL0gxXHT
Loaded,Lil Uzi Vert,2PLGsORkOCdEI3jTSyO2Id
Diamonds All On My Wrist,Lil Uzi Vert,77nc8grWapJTpC7Evz2her
Do What I Want,Lil Uzi Vert,4IWGnyOHDrVZEtPWfs4s7q
Of Course We Ghetto Flowers (feat. Playboi Carti & Offset),Lil Uzi Vert,0gqfvyewE2Sh8TwKBFajCF
Original Uzi (4 Of Us),Lil Uzi Vert,53iTGmEL4uwHlqUvuKcrQe
Money Mitch,Lil Uzi Vert,7A1Heow9lN9CIuuJzJ6MDP
SideLine Watching (Hold Up),Lil Uzi Vert,0VYhxVxH9ijmdHUKsON9Bk
I Can Drive,Lil Uzi Vert,5wyrQLBbmKdxY6yLNdienj
You're Lost,Lil Uzi Vert,5MUvVmyKD6bBY0XDeWZjJJ
Erase Your Social,Lil Uzi Vert,4uhvMW7ly7tJil31YYscAN
Ronda (Winners),Lil Uzi Vert,2Wc5No77rhsfW2mB9LzXB3
Seven Million (feat. Future),Lil Uzi Vert,6j0teRL3WdExzqmy334sh5
Canadian Goose,Lil Uzi Vert,1MNdfH2KC5LdEde3JPJ513
Hi Roller,Lil Uzi Vert,69M9QCMsCQ5MLsw7BBW0rL
Money Longer,Lil Uzi Vert,0B8QzDH7YWih85V5SEMnyJ
Grab the Wheel,Lil Uzi Vert,3aJ66zarLOVW4o2nPDxg0g
You Was Right,Lil Uzi Vert,2ANLarE8yHVsLWW21nj79M
Baby Are You Home,Lil Uzi Vert,6Q1NPLtp9IzcXmCutp3Qmo
Ps & Qs,Lil Uzi Vert,1gGsNNUfvVMOv4llVMg8Vg
Team Rocket,Lil Uzi Vert,6FfyYWFEk4zd7CgvjBa2ZK
Scott and Ramona,Lil Uzi Vert,7egGWCqoxtAuo7QgsWw3tm
Everyday,Logic,4EAV2cKiqKP5UPZmY6dejk
One Day (feat. Ryan Tedder),Logic,6e2PtJYcltVk76nLwxBzRn
Midnight,Logic,1GtVGc1UYin3zpMUdNSSpM
Everybody,Logic,7cGFbx7MP0H23iHZTZpqMM
Contra,Logic,7u90MSvVyEjL0c8icaE7jl
Indica Badu,Logic,0jqBo5RYn008f4ZY8kPewW
Overnight,Logic,3s3VVLE1kB7Xk2AoJKlGmr
Flexicution,Logic,2c8sgbZoEanC3QyFNZxUcA
Wins & Losses,Meek Mill,0hjLM1wMtk27Qd4ZihyHmi
Heavy Heart,Meek Mill,1QiwdLAzAnzmiwvoGMXM7b
Fuck That Check Up (feat. Lil Uzi Vert),Meek Mill,3faKgtOpzNh2oSn1rmCdW7
Whatever You Need (feat. Chris Brown & Ty Dolla $ign),Meek Mill,43DohZ54Tgp8QR90tW2aZc
Issues,Meek Mill,3N4dnUaOXeleMxiYkWGuh6
We Ball (feat. Young Thug),Meek Mill,4iDtAYDLJWM2TrTERKPvFq
These Scars (feat. Future and Guordan Banks),Meek Mill,6X0V85QasH3lTS18dEbEvY
Connect The Dots (feat. Yo Gotti and Rick Ross),Meek Mill,5CTlDNVHGOjhcF57a69pgb
Fall Thru,Meek Mill,2ach1zNeVKK2VufDTHnDLf
Never Lose (feat. Lihtz Kamraz),Meek Mill,3yPszehPLGQ56QDWogCA2F
Glow Up,Meek Mill,0ZWXCbEFHfLTVtFaylQAc1
Young Black America (feat. The-Dream),Meek Mill,1DiMoDgUA0mqoNadcsJX9m
Open (feat. Verse Simmonds),Meek Mill,25vLYJnTmmraoXoynldUYU
Ball Player (feat. Quavo),Meek Mill,3CmxmmW6zSaycW5vYac52q
Made It From Nothing (feat. Teyana Taylor and Rick Ross),Meek Mill,0h6xvwxp4RGEOfgqoIu4gJ
Price,Meek Mill,6gIDeuqdGskdM4BQkfPT9A
Left Hollywood,Meek Mill,0LfP3MWgeR59DZF0i0aCAi
Save Me,Meek Mill,2JMMgGVwbPM22IV9gqS7b3
Lord Knows (feat. Tory Lanez),Meek Mill,57hCSu4zMTdnSum7NBL1Ye
Classic (feat. Swizz Beatz),Meek Mill,6emZxtfjGssHVoUvo0qhhS
Jump Out The Face (feat. Future),Meek Mill,17AS0y6FnHdYImAPUydAJg
The Trillest,Meek Mill,2utgliHzGNN3oFGF4BUhJ1
R.I.C.O. (feat. Drake),Meek Mill,0Y0TOsE1q11qgbi7c5WZsG
I Got The Juice,Meek Mill,4S4w9cBe2mH9dODjhGQmZF
Ambitionz,Meek Mill,1mFIiPjGUudqmMDgjH8QOO
Pullin Up (feat. The Weeknd),Meek Mill,1oxRy7LzzzV9g6oaWoFON5
Check,Meek Mill,5vZDl7Jr6GmtJjnziKSBqN
Been That (feat. Rick Ross),Meek Mill,7BRznalOl4E2k3Ck9cMxqw
Bad For You (feat. Nicki Minaj),Meek Mill,0HVba4HUwHnGlkHNitXMEL
Stand Up,Meek Mill,2Fp8jGITmktT0E1TUR29xK
Cold Hearted (feat. Diddy),Meek Mill,4sqK3chS8d96laonwg2xVq
Long Time - Intro,Playboi Carti,4IO2X2YoXoUMv0M2rwomLC
R.I.P.,Playboi Carti,3L0IKstjUgDFVQAbQIRZRv
Lean 4 Real (feat. Skepta),Playboi Carti,1JgkiUg9mSXSwcb5Gbi4Ur
Old Money,Playboi Carti,0syXbGoFZbTMXm8hGCEvW0
Right Now (feat. Pi'erre Bourne),Playboi Carti,475jSz0H6U3duJyNiDS0tT
Poke It Out (with Nicki Minaj),Playboi Carti,2rPSFKzGeqUWwfcCFVkkq3
Home (KOD),Playboi Carti,5wPyd3IQAZft1vmxoIqGrU
Foreign,Playboi Carti,500l6Cwe40hkPqS7Sf7ufY
Pull Up,Playboi Carti,424qpX6swdUdhLq95cecNu
Mileage (feat. Chief Keef),Playboi Carti,1oNcc2isuz7d3hc1fMoHqj
FlatBed Freestyle,Playboi Carti,5nayhWICkQGMTkisxVMbRw
No Time (feat. Gunna),Playboi Carti,5pHJv0bgNsT9nPoK2BjNBn
Middle Of The Summer (feat. Red Coldhearted),Playboi Carti,7AtBtwrKhz94hYXgGYyG58
R.I.P. Fredo (feat. Young Nudy) - Notice Me,Playboi Carti,45Ln3F9PRPYTXBcMFkZMzS
Top (feat. Pi'erre Bourne),Playboi Carti,7HsvTUJcXRQVK6QuALkAvW
Magnolia,Playboi Carti,1e1JKLEDKP7hEQzJfNAgPl
Lookin,Playboi Carti,1UAmQe8EwpxQ80OfYVD13z
Let It Go,Playboi Carti,23QyE9GQpXsX9WgEDADMa6
Half & Half,Playboi Carti,2TdZdeKIDMqi1B3139W4Wb
Other Shit,Playboi Carti,1KsfhDZbBY2JjTHLmYhkK1
NO. 9,Playboi Carti,5Nq6lLSxphlsA6nQB0KtES
Lame Niggaz,Playboi Carti,1xUQwXDDKW79z7GRUt2vMW
Yah Mean,Playboi Carti,5MUxrNd7Gr2HksLcAlB0IO
Flex,Playboi Carti,2xyBvir9n474qfsOkxXMgx
Kelly K,Playboi Carti,3hDp5jRxvtD31giFGUaE1x
Had 2,Playboi Carti,2mkV4angeBLZPTcYOSrjee
Paranoid,Post Malone,3fpVWegR6YOS1Yk5HSMYIq
Spoil My Night (feat. Swae Lee),Post Malone,5VuxWXbt7XENQCtE9TzpTv
Takin' Shots,Post Malone,5ffntNJnJOeFv7b7DCd0Bw
Rockstar (feat. 21 Savage),Post Malone,0e7ipj03S05BNilyu5bRzt
Over Now,Post Malone,09IOPhEh1OMe0HD9b36FJk
Psycho (feat. Ty Dolla $ign),Post Malone,3swc6WTsr7rl9DqQKQA55C
Better Now,Post Malone,7dt6x5M1jzdTEt8oCbisTK
Ball For Me (feat. Nicki Minaj),Post Malone,6IaieqiCVvsNvEt6Y7yOFa
Otherside,Post Malone,4qWCFTuNnmGNdY4egtb4ZY
Stay,Post Malone,4H7WNRErSbONkM06blBoGc
Blame It On Me,Post Malone,1ZemPoaj7LBj1RAQrb89EC
Same Bitches (feat. G-Eazy & YG),Post Malone,688QpQAwqsLdBR6lr13wK1
Jonestown (Interlude),Post Malone,0R6Jlsq25eZB3Wftpxi3oF
Candy Paint,Post Malone,32lItqlMi4LBhb4k0BaSaC
Sugar Wraith,Post Malone,0MrRAUcB8AZiB9ue2VOBYe
Broken Whiskey Glass,Post Malone,5BoOzegGrg5XFRR8UBDtkF
Big Lie,Post Malone,02opp1cycqiFNDpLd2o1J3
Deja Vu,Post Malone,0H8XeaJunhvpBdBFIYi6Sh
No Option,Post Malone,6M0IsaUX4GNyto4niSegfI
Cold,Post Malone,1QWmKmqhv5zcsS3v45FNl0
White Iverson,Post Malone,6eT7xZZlB2mwyzJ2sUKG6w
I Fall Apart,Post Malone,75ZvA4QfFiZvzhj2xkaWAh
Patient,Post Malone,5DLTuH4A5VZB2HKpqHQR6t
Go Flex,Post Malone,5yuShbu70mtHXY0yLzCQLQ
Feel,Post Malone,7MTIDmToGs0I5Oue9V0CHl
Too Young,Post Malone,4SYUUlkScpNR1QvPscXf8t
Congratulations,Post Malone,3a1lNhkSLSkpJE4MSHpDu9
Yours Truly, Austin Post,Post Malone
Leave,Post Malone,5dI1yHSqgmilFEqpGbqxHh
Hit This Hard,Post Malone,61jnrkPHpLumBf1kqGpRRt
Money Made Me Do It,Post Malone,1ysAvOdJgUjc6CqOQxepaz
Feeling Whitney,Post Malone,35r28RDot7nPE7y9K9H7l0
Powerglide (feat. Juicy J) - From SR3MM,Rae Sremmurd,1BuZAIO8WZpavWVbbq3Lci
Guatemala - From Swaecation,Rae Sremmurd,0TCnOEVeLQMXOUrpPlM7uY
Aries (YuGo) Part 2 (with Rae Sremmurd & Big Sean feat. Quavo & Pharrell),Mike WiLL Made-It,5NkfVQS8BkceRgoSQwcW6H
Black Beatles,Rae Sremmurd,6fujklziTHa8uoM5OQSfIo
Swang,Rae Sremmurd,6mapJIPnQ23RTAevUoE0DL
Perplexing Pegasus - From SR3MM,Rae Sremmurd,1ung2kajpw24AaHjBtPY3j
Come Get Her,Rae Sremmurd,1Ser4X0TKttOvo8bgdytTP
No Type,Rae Sremmurd,4scpF6J5uMBvoh6sFB7EL1
Bedtime Stories (feat. The Weeknd) - From SR3MM,Rae Sremmurd,6nI74KsH94IN0J2vp5shdT
Take A Step Back,Ski Mask The Slump God,2gQYziDV5cSTRSqr6akzi5
BabyWipe,Ski Mask The Slump God,6eKWSrZfzd25TYYxkscWgg
COOLEST MONKEY IN THE JUNGLE,Ski Mask The Slump God,1D23GEeQ32aqLw5ZnY3Ivp
Like A Soccer Mom,Ski Mask The Slump God,4bgXEwLBvgVywxVlfaEpEm
DoIHaveTheSause?,Ski Mask The Slump God,31vQpwkKkA1OhNRo7rzNZ4
H2O,Ski Mask The Slump God,6rdAeP52MWJeyYD2B481mq
Life Is Short,Ski Mask The Slump God,7t2eWdGWBTAxaXxaGqq9ts
RUN,Ski Mask The Slump God,7LaLv7r8FLaAhOqKf2N99N
OTW,Khalid,6Hgh47WXVKtXN5zGOu0hjI
PRBLMS,6LACK,4AtZRwSR8BOTTQg5ihSggt
Ex Calling,6LACK,1MQ8ydvrTnn2QJgXFATJvD
Luving U,6LACK,5irqvOUbWsUefjZ8KPSQ66
Belong To You (feat. 6LACK) - Remix [Bonus Track],Sabrina Claudio,2I88NEWpKrAPZuapXNV5G6
Free,6LACK,4Sv7Fo4bSpK0tM1WBspz4J
First Fuck,6LACK,1u4orOe6gYxeE9xKpv11Qi
Can I Kick It?,A Tribe Called Quest,3Ti0GdlrotgwsAVBBugv0I
Electric Relaxation,A Tribe Called Quest,0eEXcw3JLVXcRxYrVYMy68
We The People....,A Tribe Called Quest,3wUX7HpXS382s1DHTRouVk
Award Tour,A Tribe Called Quest,5YTM7OgQDt9EJAYcfHLniJ
Buggin' Out,A Tribe Called Quest,6GAemDMWAXa8wZOBkO1gar
Scenario - LP Mix,A Tribe Called Quest,0301nLjG0ti26rx5ZmfqtP
Jazz (We've Got),A Tribe Called Quest,7AgMX97ljLm9BzszyyXEYZ
Whateva Will Be,A Tribe Called Quest,3z40poMPmOkS6799tbXGKz
The Space Program,A Tribe Called Quest,203xmWRHAyqwW6AkGkhhVM
Check the Rhime,A Tribe Called Quest,4HfxDJ0uLHTLe0fZrx0MbQ
How You Feel,Trippie Redd,21ETTESBal7OPuJe6HgX1J
Dark Knight Dummo (Feat. Travis Scott),Trippie Redd,3YeJXuRSNS5FYwOsDu44kD
Love & Drugz II,Kodie Shane,7jpXUW6kpjAxUhcnobO8IW
Me Likey,Trippie Redd,0p3tGNjc5enjSCnH1GljiH
Jump (with Trippie Redd),Julia Michaels,2OvV4NjEBRE9v8Oo7QeUCq
Dark Knight Dummo (Feat. Travis Scott),Trippie Redd,3YeJXuRSNS5FYwOsDu44kD
Wish,Diplo,2WVQoEzFxodptHFuQqraT9
Me Likey,Trippie Redd,0p3tGNjc5enjSCnH1GljiH
Bust Down,Trippie Redd,3vWxQ6wOfMr8zH1u7pVFI6
Romeo & Juliet,Trippie Redd,6jT3etAOkvMUw0zsEw5QnR
It Takes Time,Trippie Redd,7022xokeCJFSeZxw2npVkn
GONE (feat. Trippie Redd),Paris,2J84DvAAI8ph5DYojk3HPt
SAD!,XXXTENTACION,3ee8Jmje8o58CHK66QrVC2
Jocelyn Flores,XXXTENTACION,7m9OqQk4RVRkw9JJdeAw96
Changes,XXXTENTACION,7AFASza1mXqntmGtbxXprO
Fuck Love (feat. Trippie Redd),XXXTENTACION,7AQim7LbvFVZJE3O8TYgf2
Everybody Dies In Their Nightmares,XXXTENTACION,3GVkPk8mqxz0itaAriG1L7
The remedy for a broken heart (why am I so in love),XXXTENTACION,4UKCKdYiLN6IMA5ZESUTL7
Hope,XXXTENTACION,2ZRo7axmMPeSVUvDbGkJah
NUMB,XXXTENTACION,01TnVDiet1DFTsyWKUKovl
Look At Me!,XXXTENTACION,6eYxmK9fdL4hwLnXG2zY3s
Headlock,Cousin Stizz,1IruBrVHO0XS9SfXGoYBXn
Malibu Sleep,Col3trane,0cVquG5bipDxlQ8rLbX52d
Kyrie,88GLAM,4mOPVJGfWXH0wPFA6xeRDz
Scared Of Love,Juice WRLD,2yN3r3qywFipxJlUdmOO8M
December (feat. Luca),anders,4QbraaiC4oHW1qmWy7M3AI
Soul,Caleborate,75ahQd2xHTpisbw2qgVOoN
Don't Bother Calling,Moses Sumney,5dqNCR3ANsOIMeQLpk54wU
Amphetamine,Smino,3Zau3JcrZcBfw8aVjKGkSX
Mucho Mango,IshDARR,4dT1155sbuWZduYj0bgwKo
Smile,Isaiah Rashad,3UNoPBNWST9mQleI5T53zL
Unbothered,Omar Apollo,3PoKFnMD0zAVtQrkJ4e8XH
Still No Good,Amir Obe,2imtf7mjk24rRwykjylccq
Screwed Up,Cousin Stizz,3d65swPOxko76ZQL5WEQfH
Runnin,Smino,2pBymUtAkPVvdS06nd27N1
Loner (feat. Linzi Jai),Sylvan LaCue,7cjZxxdwK4NLtXyKCTQnNR
Some Nights,G Herbo,2QNPREwRFBylkvcRgcf2eV
Swervo,G Herbo,595vflBj4bSo5gjAYW17ob
That's How I Grew Up (feat. 21 Savage),G Herbo,5umkR0qPDjg1zZRssgcGSU
FoReal,G Herbo,5je6aSLjBxCgN27uXfiGPg
Catch Up (feat. Chief Keef),G Herbo,1ARwts1jW4Jofcc8COstc2
Tweakin (Head),G Herbo,2vD1w1GHi7pCaVW7OSfQ0y
Pac n Dre,G Herbo,3pBFovKqUgOffBkKNXORdn
Bonjour,G Herbo,4HbRLbckomBAzavXwdAeTi
Huh,G Herbo,1hTDkP80nFhCeyawRpUyAk
Honestly (feat. Juice WRLD),G Herbo,47fdlM6ugvckoma8RTA1wC
Letter,G Herbo,4UWVogPrGkwIA2A0fsCopM
Focused,G Herbo,0xDnpKimvzfy8BdWBpcuyU
Who Run It (Remix),Southside,2ZZsvbuTbdD3mMEIxlEbKT
Hardaway,Derez De'Shon,4hxfqUojJ5u9SyAjiXevmy
Do That,Sheck Wes,3iVq1zq46q0auo3VwixXFe
Car Sick (feat. NAV & Metro Boomin),Gunna,2jJqx7SPGBonJGSHMejEXP
The Bloodiest,Jay Rock,54im2NdFHRdrkzVeFPj78z
Let It Eat (feat. Ugly God),Comethazine,0Pig0zQXMTybNaeHWSWrBc
Mr. Tokyo,MadeinTYO,1YC5tfLezLNw01BWqRqqpn
YSL (feat. Playboi Carti),Gunna,1xvUQPmgQ9EcBgVR5VocbX
Outstanding (feat. 21 Savage),SahBabii,24W9LlHIfhALtn33zBnnQr
From The D To The A (feat. Lil Yachty),Tee Grizzley,2NyrXRn4tancYPW6JwtTl2
Dom's Prayer,Dom Kennedy,6s4vQAB4KDr54flyIuJWI7
LIFE,Saba,3au0pvHqcTtszysswan6AO
Dopamine,Bas,27mAxmIMCalJIinL20BgKV
Switch Places,Cousin Stizz,1xDOo45wHecFdLlDftyskk
Baby Bro,88GLAM,4qKOtmMCiyYhCsFwFIH5oT
Night Job,Bas,5q5MyfXey3ms6IyT6TYf5L
The Look of Love,Pt. 1,Slum Village
What More Can I Say,NxWorries,18YB1U2346cnPCBAbmga8h
Nothin' At All (feat. Skoolie 300),Chuuwee,4IiI9lpobMyEbhV5VstNs7
Keep on Slippin (feat. Vic Mensa),Injury Reserve,5ga6MyJXOoInY2cEQ04RDL
Blkswn,Smino,1BFFcF83SmsS6cKBLZGjkc
Kompany,Monte Booker,5vS0exugk3uvkQCqKLWVyD
Money Trees,Kendrick Lamar,2HbKqm4o0w5wEeEFXm2sD4
Answers,Lootpack,3bJVpDpPWDygulO0moI7bg
That's That,MF DOOM,2EieK2FUAxikMgLoTSZu51
Coming Back,Domo Genesis,1WsRuvitfegWXQJKRgRZrj
Ttktv,Injury Reserve,6U8wLl0pMsgS1Lcql3nQjH
Veggies,Amine,34yAAS72vZUXvsQPHGZexE
Zendaya (feat. J. Cole),Cozz,7jmTA4qUoE3powcTpw3dvF
Ni**as In Paris,JAY Z,2KpCpk6HjXXLb7nnXoXA5O
Ninety,Jaden Smith,2jdw2tc29bqJwToyGvKgJm
Break From Toronto,PARTYNEXTDOOR,79MSEdtXuudhGhC5AtG07g
Menace,Roy Woods,4cgWdfBPK7C3KYNeCtl11j
Hit,NAV,0gHcxtyWQT0HrlGxaxP1KT
Rose Golden,Kid Cudi,40jxatV29fk82SAziDsPqN
Never Know,6LACK,4bJX21zvsGJELwVNf902qk
Sometimes,Snoh Aalegra,2Yoi40YHBjbI2PycCeimJO
Brakelights,Omar Apollo,5bJ3cuvn0fMdSV8tkJVpNY
Photosynthesis,Saba,3DlgDXIYtnWtJKiB8bZQMv
Easy,Mac Ayres,58dSdjfEYNSxte1aNVxuNf
Nights,Frank Ocean,7eqoqGkKwgOaWNNHx90uEZ
Sand People,zack villere,45uDtD6s3y0V4tkWZrPDXy
Janet,Berhana,3ml3WB66sqG4kXoPBX2POA
Call Out My Name,The Weeknd,1gm616Plq4ScqNi7TVkZ5N
Starboy,The Weeknd,7MXVkk9YMctZqd1Srtv4MB
Pray For Me (with Kendrick Lamar),The Weeknd,77UjLW8j5UAGAGVGhR5oUK
I Feel It Coming,The Weeknd,5GXAXm5YOmYT0kL5jHvYBt
Wasted Times,The Weeknd,72TyiiduRmczEbDIEtKQdR
Can't Feel My Face,The Weeknd,22VdIZQfgXJea34mQxlt81
Try Me,The Weeknd,2poOAWEj1CStqTVPgIHZ8s
The Hills,The Weeknd,7fBv7CLKzipRk6EC6TWHOB
Hurt You,The Weeknd,13wNEvWmBsWaWVtiLPRIW5
Die For You,The Weeknd,2LBqCSwhJGcFQeTHMVGwy3