Permiso,Gadiel,1bC7Mio04J3W4x9dtZeYH0
Envidia,J Alvarez,2b69WEj0c5b6oj8MXcWZJS
Yo Voy (feat. Daddy Yankee),Zion & Lennox,5gflgO9EPbIBf16n5TKnQS
Miles,Eladio Carrion,0SzYRwVLQTW2Jl6JmDoh03
Punto G (feat. Darell),Brytiago,63F3v5fl2h5ByplXD8w1tV
Solitario,J Balvin,5AxBtF5bpBeCem2Bq0Fwll
No Te Hagas,Jory Boy,5hKjEpYrJIJs6uPl7zw6Y6
Te He Querido,Ivy Queen,61HuVAedKGMO7jWl8ZyALQ
Solo Mia,Yandel,1ei3g2hMYh1VKvik9FoUQR
Abuso,Brytiago,1SRkUC6I28rxLS3XX5DDqE
De Vez en Cuando,Franco El Gorilla,1VRjHqcE8ttKtaj8bTaJyS
Fans,Tito El Bambino,0vI1sStQrchF1dx8fhYZVy
Sin Filtro,Romeo Santos,4SL5NcO2IO1wSfhKch6yHF
Para la Disco,Andy Rivera,1SmEzYe5vOIBYGtF3694Jl
Gata Fiera,Trebol Clan,39FpzJz9HbSiTxe97cK4LE
Haters - Remix,J Alvarez,1XuH3RXp7sCFPNof6xvFlm
Recuperar Lo Perdido,Trebol Clan,47bLqFKg961pMCAX9eVCld
Cuando Tu Quieras,J Balvin,1tWpgH8rErSXPOkQKFCag9
Lento, Alexis y Fido,5ZxiEu4PzqELNBjmamqcmn
Se Te Hizo Tarde,Nejo,4ZtSifmVEda37YUYnnHz1y
Viejo Motel,Jory Boy,7B2bFBkR5QXitoOmAR9UNT
Bipolar,Chris Jeday,4WzsycqZkpkS48H9AAAGux
Don't Stop,Zion & Lennox,2bt0uIqZR6u67zunXNKDkn
Con Su Tumbao,Trebol Clan,3fL284rWlKjSZzW42dQNQ0
Reina de Papi,Romeo Santos,5n09CeRGwKaxizUFx7xNK9
Bailen (Remix),Franco El Gorilla,3dqBmUFihufaWii7TGLXyE
One Touch (feat. AlunaGeorge and Rae Sremmurd),Baauer,6JEWDRfYmn51nfA7SUiN7u
Got Friends,GoldLink,1PVza5KmhSJhz12OewWciE
Cruzin',Snakehips,5iwb2YMVfNU5zGliOdwbcj
Wanna Ride (feat. Isaiah Rashad),Jay Rock,3FM7oymriNFjQAa4FGblLr
Day Dream feat. Splitbreed,Apashe,4enNLfTLeyZLYtjfXzqYSZ
Ay Ay,GoldLink,2OFQb1abuWOhOx3ASEbgcT
Pa Mi (with Ozuna),Tory Lanez,0CYLDwvvpJQySLA5CvqvSl
Te Suelto el Pelo,Yandel,0Gh6QG4Z1pSvIo7btP1Ux4
True Romance (feat. Jarina De Marco),GTA,10hFslvFmtAfmEUhcCHyE3
Loca Remix,Khea,2CRbiMK0W14l71SpDKqKZM
Ven,Dillon Francis,4E9VP2K0XOeLH80Ba2xZg4
No Coming Down,NGHTMRE,6hq2THIt5HGRyQ8DnvG6ff
Darte,Alex Rose,1l32xprL1vhaCYPZe3Jkxn
La Duda,Jory Boy,2JCBWT9nvDk04JWDFDlvQB
Necios,Young Tender,0XTDm3Rdx8c3gtoevBosn9
Dinero Facil,Dimelo Flow,009qDL0SYnJDBIRYuvWnIW
Aprovecha (feat. Daddy Yankee),Nova y Jory,09qIdioXLJPGXAM9zsy20v
Telemaquia de los Corazones Locos,Tino El Pinguino,7uXrV8mdjGDBd3zl5ktD7q
Agarrala,Trebol Clan,50K0GKbudptd9wZwQlQWdj
Te Pasa Lo Mismo,Andy Rivera,3pRgnUZfmYK0XXCrgoik10
Brindemos,Anuel Aa,7LeQ55Z5jPBB0ggYJtAiYO
Toma Bebe - Official Remix,Lenny Tavarez,4uJL26cmM5HEiGlqE2YhoE
Amigo,Miky Woodz,62KpVg6lsf4kKNJ0RjGlXd
Fragilidad,Rubytates,5oO4bPnaZD2cLZfMYHZqZt
Crecia,Justin Quiles,7GfSJBI4qbAG40RTa9jhVu
La Vida Que Llevamos,Gigolo Y La Exce,58tztN7QTdMGkGpHPw83Wn
Se Me Antoja,Los De La Noria,3BVwZuY1LIqJ0peAFmCINP
Los Scanners,Brytiago,5rVBqFEQEt2A7bECy0D2uu
La Modelo,Ozuna,2m2ZGfJcs3lHWNPzhWH3XH
Cuando Se Da,Yandel,7kV1IEzjXZkpZDpXYQ3bAa
Su Mama No Sabe Na,Jowell & Randy,2CgzwjZ0jG1ogquPxBlvKo
Asesina,Brytiago,6rbhaJsE4uLzpPf8WYSHDK
Y Que Les Vamos A Decir?,Los De La Noria,6S4KfYtYh4kMMaIrVJ4QLF
Mencionando Tu Nombre,Plan B,4Ccmf8bSFKS5tHEwg4u4aQ
No Me Busques (Remix) [feat. Nengo Flow & Cazzu],Jory Boy,4hPYUJXanNrTSqG0iTv0gK
Don't Get Me Wrong,Young Tender,38TwiMNVw9ySYuYxiJlDnN
Flex On Me,Hugo Joe,5P5W8SVN4BM6997Pqr0T7A
Sextape - Feat. Lil Moss,Sticky M.A.,1l3jYqqtBUqWqNV1P7Vxt0
Bitch Mode,La Zowi,0N6KcLXNn1CuleNlylUqeP
Dipped On Her,Villa,1cJHFnLML5Duxb22HVaFsR
Tiempo,C. Tangana,4ZIJ6EM9Qvl4u4cwSRNH5l
Sigues Preguntando,Alex Rose,3Vao1vawDqQM4LdoUTeSe0
Me Desespero,Lil Santana,5DxU5v4MgwN1fEwLB2wCWK
Espabilao,C. Tangana,4bEnLbew7PDzXZCI5NBSKk
Piso 13 (Mia Wallace),Alvaro Diaz,3vkARhFVqjUUgU2S5w5ekc
Eso Te Gusta Mas,Young Tender,2q1Nl4aE3zW69YS2UoKG5z
F,Jesse Baez,0KCXtnhLgIuej4Ogljtshz
Dejame morir,D.L. Blando,256357Avo9P6LqA2gYB1ch
Sweet - Feat. Tekilas,Sticky M.A.,6ePFJuHpON9tIDEesPRFc4
Les Feuilles Mortes (Autumn Leaves),Ernesto Cortazar,1uY1IBa1UCS8u0nvAwO9Qd
Distancia,Ale Aguirre,1I4Tj5GjMBFOGd6HpwqSUF
Pineapple,Karol G,2RXzzOxmBlffT81fjwBSVh
De Otra Manera,Merche,5xEKsnKw45WPN4Y53QT5t4
Aprovechame,Andy Rivera,4pkCB8ZslWoCF0xoKqNRqp
Donde Vayas,Dvicio,1LQX7MevsQUtlGnbjeXzFU
Ayer Sone,Chava Salazar,5A85yJkvUzvOZOxp0ZX3Ed
Deixa - Feat. Ana Gabriela,Lagum,3fLqmaO4vvZpFZSZy52VMp
Dicen,Antonio Orozco,1tHWjExSM4oJZRzC8UO0Sg
Cielo en Radiacion,Kaay,5c09olhT2Dj1FZhHbcLO3Z
Rebeldes,Dvicio,1ySdep1Fa8xSLlgUeyfGiG
Callados - A dueto con Malu,Yahir,0YOuNWCXLQA4U0V3chDlYm
Manana,Marco Mares,6Saq5fk5UiCZxuEvfhtlfk
Tal Como Eres,Reykon,5e7vXhT0IXgeZVcP0T1Bfk
Hasta que Nazca el Sol,Ale Fdz,5sHebyuNVZr7GCzdY4OuDR
Proezas,Efecto Mariposa,5V3sx2s7lkjX2rmOfyhYh1
La Fuerza Del Amor,Myriam Hernandez,1Je8yiBHeNpsGfAaVcluhI
Amores Lejanos,Los Enanitos Verdes,11AnIo9kTnjhtD06y5Zd5O
Dulce Fantasia,Belanova,1jxt1aoMydCuV0avkNB5GF
Malherido,Magneto,650ucbNGGPC8CZvA0Y0D2A
Placer,La Ley,3ThIAGjJD8Ht4wPvDTtGWz
Peligroso Amor - 2004 Digital Remaster,Myriam Hernandez,2LMo0ARVuPce28udhCEgbZ
Bazar,Flans,7CLxH03q65I3aktL79k4vE
Sin Tu Amor,Camila,55TEnZhHy4rIcuJzBhnBSZ
Sonar,Belanova,5siC9mhfpLO4quueo7ih0t
La Puerta del Colegio,Magneto,46qSdXisq6hb1511VofsHy
Que Lloro,Sin Bandera,10fHq85ktXp1K8mO45bugT
Que Va Suceder,La Ley,70mxNJlFWzbh6pFeeJrWbU
Morir Amando,Toby Love,4gD8B0RoL9f7ZqbL143Rap
RIP (feat. G-Eazy & Drew Love),Olivia O'Brien,3qjf2YP8G2RNFanYZDcZUk
Las olas,Juan Pablo Vega,4MoqD2qgWRx6y07OiRIdMV
Mori,Tranzas,0FXE0aS5IZnQYR56Vwiv4v
Por Que Ella Se Fue,Andy Rivera,5FYoleHQSceeNeoS4qTLga
Mi Reina,Toby Love,5sKWCIIqLjyd8HccLzSR8a
Hechizo,Carlos Ares,2rl7xuESx6gjW6cMBvqHT1
Perro Viejo,Juanes,2yOsDXGw9QfECnCnlEJUFO
Mi Cama,Karol G,7sFYVcKSb24qg0dAkqLEFj
I Like It,Cardi B,58q2HKrzhC3ozto2nDdN4z
Te Falta Rock,Amaia Montero,2J2T0DUH75mUAJzKA8B3W7
Puentes,Merche,6jLQZyWOX3hjGRKiy8T4Lt
Tengo un Amor,Toby Love,5q9ZLBQHuaQd8juV2MtYzc
Exiliados (feat. MC Unabez, Chystemc,0e3JhrB760bhbouPyxtTej
Mansong,Juan Pablo Vega,7ck9KsbotFQ8dKPByxrdcj
El Hombre Que Yo Amo - 2004 Digital Remaster,Myriam Hernandez,37VoMBYfOxPDiMPUP5iMIn
Nos daba igual cualquier cancion,Alex Ferreira,6AVNxZmDN6MHKNaTvE0N2t
Con las Ganas,Mi Sobrino Memo,3WtLNPslGHF85M3Cq9kXFe
Empaque,Leonel Garcia,0tuOKmgFMTPQPRxATDGFQV
Huele A Peligro,Myriam Hernandez,5qPsvYBxpqxZYwRgq1SQ9j
Viernes 13,Marcos Menchaca,36ZEFaqp4vVd8VYhvvO4oK
Sombras - Version Trio,Javier Solis,5XvhkNqprUww9RHa4XjSd2
Hold Me Down,Salomon Beda,7gZ8TXoaZESWnbF4sGuJc3
Cada Vez Mas,Marcos Menchaca,5La5i3ywEhsLXUWS8gVoJN
Morena Mia,Mi Sobrino Memo,0E3LWWeANbQuCELiyS0XG9
GooseBumps,DrefQuila,71H4qHJYtVkGfcciNn7i65
Antes de Morirme,Miky Woodz,0zhkLYpmMZyjtv03haC77Y
A Ver,Darell,5xu4ZOY0BpY85Lx8w5AEzi
Alto,Fuego,6xaY7OCvpZXXQGhxs3fLmB
Icey,Melii,0GpaZjcvRnIqVrtLqrzRdp
Si Tu Te Vas,Eladio Carrion,3PcYdnAdtG46cJ9HqY6D8L
Still Rapping,C. Tangana,4I3kIRbgHpYRdyle3LsIFX
Skrt,Big Soto,1K69Z1jVexFtXsPRMvUSKX
Olvida el Miedo,DrefQuila,4Eyx6eVLTAPqnmJqcBce2A
Foreign,Kidd Keo,1nMCaepTVQRf6aCwLOs3u3
Solo,Amenazzy,7mTWMsbnRPGmyLOEaImXOU
Pa' Que Mentir,The Secret Panda,0DzPECq3kQMI8TFcDwqxLy
Big Bang,Big Soto,7GDhvVcJFvNlAqedG8BhCl
Hazme Recordarlo,Gotay El Autentiko,2PyLvGO5KKhe0BfBjtmO3D
Mo Bamba,Sheck Wes,3QybPutx0Tjk472bBKjNWn
End Of Discussion (feat. Lil Wayne),Rich The Kid,4nSSZHI4FUIiQOJELTTZdS
Menace,Quality Control,0CjHqLvr4EdjBJ0XiKtbCI
Perplexing Pegasus - From SR3MM,Rae Sremmurd,1ung2kajpw24AaHjBtPY3j
Coastin' (feat. Tk Kravitz),Nebu Kiniza,7LBU1h8q0kpzkQnipzzEZ4
GOTTI,6ix9ine,27oFpFktCq9JIXjJQRuv7a
Lost It (feat. Quavo & Offset),Rich The Kid,68449VKGwYShObwI2UFdFt
Mediterranean,Quality Control,0kN8aoF74sj0UCFwMQoIBK
Met Gala (feat. Offset),Gucci Mane,2XaInsPPUkZRkY4uFJ3AHK
Live Up to My Name,Baka Not Nice,61mnlyQlnPuq1GEX0LxIWh
Guatemala - From Swaecation,Rae Sremmurd,0TCnOEVeLQMXOUrpPlM7uY
Married To The Game,Future,4Kup1kDTLoJaUMgpGFPqau
Leave Me,Rich The Kid,3yAVrwXhueRFZMUjxkh2ia
Riverdale Rd,2 Chainz,5xkTHyhR9kCuFvqPkjgpId
East Atlanta Day,Zaytoven,5HjhvKBQz1HbqBudzm8f5w
Necesito,Reis Belico,3xNpl8vErnu1NY7L0bop4x
Cupido Es un Hijo de Puta,Jay Romero,4HzdEFs9nSMS0DusHY6UlU
Como lluvia,D.L. Blando,6fkaZxYVnRs1nae9d23FMg
Mentira,Kinder Malo,63hWzqGr4FT23rKFyTu0Gw
Tuatara,Damed Squad,7h62ZQm1Dq4kWtbMejIofd
Me Voy,Pimp Flaco,6ZY1RfE9ziIbZD8xB7iCS1
Aunque digan que yo,RecycledJ,2f2at0KoO8v7eForg5oFyF
Forbes,Cruz Cafune,1GCYB1El6q3e75FflY0IlJ
Tranquilo,Pepe : V.Vizio,2pqeRS3ROjc96XNpoNFje5
The Motion,Choclock,3B7Bma0I28EJRZ2TD5wNDs
Tu y Yo,Kinder Malo,73i820uzxBoRl6A7s137kE
Que Sera,DrefQuila,37G6NRwub1frnMW2HHQG35
Estamos Bien,Bad Bunny,7glCSQqV5o6NU88Cn4zPZn
Desaparecido,Nengo Flow,0cYN0b61nRY9baQEyKPeJm
AMG,Farruko,5vwfjcWEymt35TZV6puwJ8
Up,DrefQuila,2QTe6sPJkskG0Zowl8z0v7
Los Intocables,Nengo Flow,2cUGbioZA5sPZ0KlZwpzYj
Vamos a Vernos,Bryant Myers,41WbNfopawQVKeeBu0AbSb
La Brega,Darell,6gVWPdTEtIrWKDLeQ0illy
Te Bote - Remix,Nio Garcia,3V8UKqhEK5zBkBb6d6ub8i
Madura (feat. Bad Bunny),Cosculluela,0r9d60ZYPAlFHq8qnUtkXN
Sensualidad,Bad Bunny,5hcisvFMidkMJlElTO9Qmw
Amorfoda,Bad Bunny,3ITvHA9zhZZdBJsOsAUegF
Mayores,Becky G,7JNh1cfm0eXjqFVOzKLyau
Original,Arcangel,1LBlcCtOrKITXpEp1hnNpj
Dime Si Te Acuerdas,Bad Bunny,49VSioK272TASR4r9vRTuP
Sobrenatural,Alexis y Fido,1Ijx74YacGt4KgF7mHbMlG
Su Tumbao (feat. Jowell),Trebol Clan,2RPPlB2bUSFk3NYOzvQbT5
Na' Nuevo,Anuel Aa,02LKuab9xcpE1dGc5Gd8iM
Mi Fantasia,Nicky Jam,0iyJTZnNXL4FLgEKPGG3R4
Quiero Conocerte,R.K.M & Ken-Y,02duHz9KWAR7v6AalPcWBg
Con Su Tumbau (feat. Jowell & Juanka),Trebol Clan,6WKckMdRW6yhbrS7pFonZE
Curiosidad,Yandel,6gOm0Z1gzRVLlQIUwTZ57i
Hands On Me,BURNS,2GC8vo2NO9u28G7kBIuP0j
Pa' los Moteles,Trebol Clan,3ElA3dwLy2lUjHE4ogGzkv
Clandestino,Shakira,7DrluKkTviBwCc8AV3VGmf
El Prestamo,Maluma,2XVilv6s9GETnw9PG4T9Mz
Bella - Remix,Wolfine,0SaYeGhSXN0dDWstyNTQ56
Corazon,Maluma,5cepAtqnEQ6yVG6088zMMu
Marinero,Maluma,6x5LBP3nYXVdIDoomChGr3
Felices los 4,Maluma,1RouRzlg8OKFeqc6LvdxmB
Borro Cassette,Maluma,6DUdDIRgLqCGq1DwkNWQTN
Hangover,Maluma,30dTsIbEuISrnDeeE0BKp1
Todo El Amor (feat. Maluma & Wisin),De La Ghetto,4LQL3TMYtU7J8xBUhyjJxQ
GPS,Maluma,3t6j6WNv2OSn6qm5Vxynub
Intro - F.A.M.E.,Maluma,4tvlbnE5Sf8KQFs3BYiBHT
Cuenta a Saldo,Maluma,40T4p3DZM0JT3ahOiCau3y
Mi Declaracion,Maluma,7EzdQnopwog0YWUoRBEowX
How I Like It,Maluma,65Vu1eyOopYOYVy40ticWh
Delincuente,Maluma,7tzPaTQaFqhVEb1PA7ZuBf
Condena,Maluma,3i1tCYR0Wwa5Ydfd0ArjQu
Ojos Que No Ven,Maluma,7sormsdEi2yxGsUn7bUjyx
La Ex,Maluma,18WYpqbNvkCXHTeyN2WG8l
Unfollow,Maluma,7hQ7cmGKutObir5aHjkHPH
Felices los 4 - Salsa Version,Maluma,6PNG5G1v7pU74I13KkvAIo
Donde Estas?,Maluma,0s3JGOUVkEBDSD4oBGUHSv
El Perdedor,Maluma,1iEwyiSLAunPR6uouANE0O
Me Gustas,Maluma,3ylCAyLobk4Gdf1jTjzVWH
Sin Contrato,Maluma,3yHJs5NmQk2ROAWCfjniXV
Una Aventura,Maluma,4F85m7YhgAsifa91zamuvt
Tengo un Amor,Maluma,4x3uJNB2Keq3sB8s8sMMAI
Pretextos,Maluma,7HDOS7qOhBxmcsWTv29PSK
Ya No Es Nina,Maluma,5V0YHCNwlupyZYtyXiRSEB
Solos,Maluma,6btKOogausCe3NWeT8K3Ua
Tu Carino,Maluma,3Qmqr7nA6Ry3l66gPO5IxM
Recuerdame,Maluma,3ZHDCdVOw1Aqc3uIDsKOMK
La Misma Moneda,Maluma,4FvptszSZ2Bi2SduNdHkm8
Vuelo Hacia el Olvido,Maluma,1Qo5xjflE8O4qz38ju3oSm
El Tiki,Maluma,5WdSPcKgxWirPXVM7f6xXZ
Carnaval,Maluma,3LOQb4np9pTPhlrdIEht1d
Entre Tantas,Eladio Carrion,6da6EGWWR5rHfrOaOHvDRg
DANDOLE,Gocho,6OaISyYxWqbOcWWAGW7Xmn
Premio,Romeo Santos,0XgrIYFSqB1lz1funoBBjC
Lonely,Brytiago,24HzkIlXA5w3tlULTNZNIq
Grupal,MDLC,3OxTEmIM8yYuLJ1PaYCNyN
Balenciaga,Ozuna,3iIZvct75tkk1CwbqVjsry
Matador (feat. Nengo Flow),Jory Boy,2iIHvI9fUC309LLO73MALR
Con Las Dos,Eladio Carrion,6O5DzDZFwLJJUzv80gPtzd
Karma,Sky,14WIiWOJXL5VkX1zpt87Ed
Casualidad,Nacho,2AX7TMZg6uZVJCmY4CCoWS
Vaina Loca,Ozuna,1s2B5cndbqK8rPJEIcKJRQ
Unica,Ozuna,6752EZMgXswvRBH3N2PilO
Siguelo Bailando,Ozuna,5Y9fnynLlIvqtM710MHzfz
Criminal,Natti Natasha,6Za3190Sbw39BBC77WSS1C
Solita,Ozuna,7rwX0O3RlxqqIjQM8evm5E
El Farsante - Remix,Ozuna,7uYgVgRSgqluZclLS7wpp4
Quiero Repetir,Ozuna,0MIcPSq9n2z5H8TAfEstri
Se Preparo,Ozuna,1m69ELEgE6k5ZWsap40ozt
Odisea,Ozuna,31ymlaZzsadVgBae5oMguM
Tu Foto,Ozuna,5zSOVwaY3sVjnmLhuEfsuf
Cumpleanos,Ozuna,6La6oWlGposkrgvLjjRJju
Dile Que Tu Me Quieres,Ozuna,5u5MvmVtitax9R1Mxh3reC
Egoista,Ozuna,4X3CV9rXo3hQrkb0fzRAux
Una Flor,Ozuna,1N9VY22tQUnD84bNWUsyKe
Noches de Aventura,Ozuna,4iDaYVSL0zwFLacCt0F7h9
Pide Lo Que Tu Quieras,Ozuna,7IteHlPcwD5mzvkXZmimLI
Bebe,Ozuna,0ulsRBiciReng91DhfVT9D
El Farsante,Ozuna,5EId1m4DNwTf3at31w8bPJ
No Quiere Enamorarse,Ozuna,0blbSxZHy1pPxAB2ZZLx9E
Carita de Angel,Ozuna,2wotylLBtyH2phGNhVhmUv
Si No Te Quiere,Ozuna,5BHd0eLqg3c58QwyohoYga
Hate Government,Denzel Curry,5yplT3WzriMaDp31SsI0Uc
Room Service,Higher Brothers,5nklkPTbnSxBbNMt2l3FWU
Unique,GoldLink,0M6gonJgoyBQsE42aWE5tW
Dark Liquor,Tunji Ige,6sdUXbYbbSBysKILm3rd2Y
Icon,Jaden Smith,22nyEAEM29tcBRhukR089b
Lean Wit Me,Juice WRLD,29tc0GbW0pTSBZSCZF3NWk
X,Nicky Jam,39N9RPD9MRb5WmoLzNzPeA
X - Remix,Nicky Jam,6JjPBQfI2Y8nIjnm65X6Pw
Live It Up - Official Song 2018 FIFA World Cup Russia,Nicky Jam,4DnHUy01jEA4b5ydC3HgsT
Bella y Sensual,Romeo Santos,0ERbK7qVqveCaBWIiYCrl3
El Perdon,Nicky Jam,7qCAVkHWZkF44OzOUKf8Cr
El Amante,Nicky Jam,3umS4y3uQDkqekNjVpiRUs
Si Tu La Ves,Nicky Jam,4yN6xPLopmTLvc27pO9LIE
Hasta el Amanecer,Nicky Jam,5Fim1gaXBgsiFfsQAfQSDS
Casate Conmigo,Silvestre Dangond,6f4UPdDBQONKJBRqwZGjaJ
El Amante - Remix,Nicky Jam,04f13iELcsYpY2yeLiAcfq
El Ganador,Nicky Jam,4Luzip43JUNRDJJR7l8bdb
Estrella,Nicky Jam,4S2JBCs9FfFEJPLEf8YiE7
Por el Momento,Nicky Jam,1GZZELGFwWsi2oLE1v1eyQ
Amor Prohibido,Nicky Jam,41BqZaEQ9hHt4okQ3FT7wa
Superheroe,Nicky Jam,5o35aPa2xPLLC3rw7Hoc83
No Te Puedo Olvidar,Nicky Jam,4lMBnVOEKScRyQyfyJQwI4
Nadie Como Tu,Nicky Jam,67516e5MX4gWorbGQGRlhq
No Te Vayas,Nicky Jam,30ZTnoYhnlKSVo2YDW2WuN
Mi Maldicion,Nicky Jam,7uPjTNg3IKOBpeWgH4TUpp
Tu Hombre,Nicky Jam,3u8fKvW5X1zvrsweW5h2xa
Tu Cuerpo Me Ama,Nicky Jam,2ib3KF1gEoozEvAYGo1noL
Mil Lagrimas,Nicky Jam,5EFAloMY9VlEKrjllKoXjL
Despacio,Nicky Jam,2EJ4KaeNQpyhVh2M6xz7pU
Cuando Quieras,Nicky Jam,0iP84MjJ1KvnzxWa91Zsvt
Me Enamoras,Nicky Jam,6G1IM8i2JjABsJH3TPygAv
I Can't Forget You,Nicky Jam,0zAK46czrFfWH0SBGFCV2W
Without You,Nicky Jam,0hQCG9PYrkjYtDVEuj8ooT
Hasta el Amanecer - The Remix,Nicky Jam,4bisT9khxJYFKaoG8pxq5h
With You Tonight (Hasta El Amanecer),Nicky Jam,2GICtNjlmq5w1XIQ9s0D9y
El Perdon - Forgiveness,Nicky Jam,7hOfyNuj2dLc0HAEYVDIYS
With You Tonight (Hasta El Amanecer) - Remix,Nicky Jam,73w7wNBVyoOc8DR7dBY6bB
Soy el Mejor,Lary Over,0qhEzYGGZU1rciVkCStO68
Lewinsky,Fuego,5Jjo0O9GDyG1xei2gO5949
Un Poco Loca (feat. De La Ghetto),Jowell & Randy,5A2fkyeIbRqwXGkIdadL5q
Que Tengo Que Hacer,Lary Over,69M7ZcGR8iI57HNOD3bvxM
Me Han Hablau de Ti (feat. Miky Woodz),Bryant Myers,0eQLN2RwIxtMdJkpOBuCVv
Un Vuelo A La,Romeo Santos,7yZaCeloDZFlzVZhEnCUit
Tocate Tu Misma,Alexis y Fido,1GpBcCRShuLTp4gz1Udc8n
Bum Bum Tam Tam,MC Fioti,6k2900NjJeVqZM55G3Danu
Familiar,Liam Payne,0Y4hwUppbGc8aIBmiTz30A
No Es Justo,J Balvin,5qFeMRz4TvetPmzjre9Dq7
Ambiente,J Balvin,6VrBWh90BiwWmwKtvwWFcq
Downtown,Anitta,3Ga6eKrUFf12ouh9Yw3v2D
Peligrosa,J Balvin,3Nkqp3NSGWMXVVO08zGpN7
Vibras,J Balvin,2EEjiKbE4pAjX49TrBzw1X
Mi Gente,J Balvin,7COfe3P7KgfwDwIRB8LIDw
Ahora,J Balvin,2yBWnRKj0Zx7AF1kufajvW
Brillo,J Balvin,3vgiIJW3iSQRRvgYiW86i9
En Mi (Interlude),J Balvin,1CU1MTRABcra8xqqT12jYq
En Mi,J Balvin,2YSi7TDMnNCDzlN8VMH4kt
Noches Pasadas,J Balvin,66XlMyAfZjJ24GVa2qPF9c
Tu Verdad,J Balvin,2QEiEzGafy58BV4h5FuCUK
Donde Estaras,J Balvin,1ZxJkG775oka5RsH3Yuwv3
Machika,J Balvin,7FnHUsFRTMg8VYteFKj3xL
Veneno,J Balvin,5EBkK132WZVFOLvYDpjeKH
Malvada,J Balvin,1fVUK25X4Jv8FB0DOPev0X
Safari,J Balvin,0O9GcyFNK9v9f4KpWciP8V
Bobo,J Balvin,4lubLQgnD01ZSCB97XLDBX
Sigo Extranandote,J Balvin,61GGgajlv9cDBGDP31EwRu
Primera Cita,J Balvin,4OnpOUm81NUTY68UWasW31
Pierde Los Modales,J Balvin,18wgMGfxd1042RgtRYrnQY
Por Un Dia,J Balvin,0Uc0RMeS0w0OLkb1W5WhF8
No Hay Titulo,J Balvin,70Uowsu8OEsM6IMDCVeWDA
Acercate,J Balvin,7jYk5qjwAZCE2znOYeT9fn
Snapchat,J Balvin,3DU7ZMQk1jXjeEp1HMBTUE
Hola,J Balvin,6sGV0YNN1lS64Vvvg4ug8M
Ginza,J Balvin,2kGDoUuXGtcHdnziRLUsGp
Solitario,J Balvin,1jm1lbs2m9BBJk7oTQGGG4
Fiesta,J Balvin,3CS3qQRDcpnSvYvbotSEiZ
Veneno,J Balvin,7ltecbp7G96E4jcWAJwMJz
Malvada,J Balvin,6U4rPgbVcztrq32JCfRRuJ
Safari,J Balvin,456xBIOmLRoLzCvCzZrWge
Bobo,J Balvin,5kdTuoKeqdnblCop75wMuX
Sigo Extranandote,J Balvin,0k23rRi1B8ZHrKtzECGoyk
Primera Cita,J Balvin,3KLoQIbWFrI7JmWge0x6zO
Pierde Los Modales,J Balvin,4HGDI0rQi1DtLgmt1x8tX3
Por Un Dia,J Balvin,0qp6xoSEioIJLG0ua7Ddh1
No Hay Titulo,J Balvin,4vezX7jdrcESrJzRjlSJUl
Acercate,J Balvin,6uCwiVDmxlAKkeyJOLRKM0
Snapchat,J Balvin,0pfk4nldZlQbtDBi06Lupm
Hola,J Balvin,0VnHW8YOpMzbob93AGljBM
Ginza,J Balvin,2C2TGgFzrTRIOdQS1vUN5h
Ay Vamos,J Balvin,6Ges5C2IE738iJh4HyQizQ
Sola,J Balvin,1yYyJGt4CUwX8yd2YSZpMM
La Venganza,J Balvin,54hQYZP4wCZjYdkxHjc6uv
Dejate Llevar,J Balvin,3QyY06D8ZDG6ElFTDsmbc9
Mil Fantasias,J Balvin,5UFouFL8iNmXwP93TnRqSI
Lose Control,J Balvin,2eZ2kXortVU9YrlVgeT36t
Eras Asi,J Balvin,6pvyRFlNMy7V2l3byS6or0
What A Creation,J Balvin,3heRf52tSORY3m9XbJ85sb
Desnudate,J Balvin,1UtmVtzVz2D5Y1S8yDTlFJ
Imaginandote,J Balvin,6Xv7WWFUUjArVGWmOwwjr7
Bajo La Luna,J Balvin,61bN6ZGHtEBO8awDr8qsLt
Live In Stereo,J Balvin,7ndV3P4rwNoDSAPVdwsink
Porque Tu,J Balvin,5bsGyKpr49POedLYhMKv8a
Tranquila,J Balvin,2aL2mGBKjBnSyz3vgVGu0w
Yo Te Lo Dije,J Balvin,2RWWSQatBwaoWiGQBDeOdA
Mami,J Balvin,4tqvlUwZsfKMkMjBzubg0F
Tu Tienes Algo,J Balvin,2jMXzoFjj3bdxL0phZHEM7
La Venganza - Vein Remix,J Balvin,6H3r4XF3S6GtmDYFhetqog
Sola,J Balvin,3pAIoqqlaqWgW98nekJnX3
La Venganza,J Balvin,5YRpDfCCBCNAKDGIlBODbU
Dejate Llevar,J Balvin,5JhsFQNoIZn1p7oJZjV2VD
Mil Fantasias,J Balvin,6rhOWUCJ262eliRvYjphgV
Lose Control,J Balvin,3Ycuz57UDCH4xjdo1BO1BP
Eras Asi,J Balvin,19yfOVNBk5X0xNW9sAfkoB
What A Creation,J Balvin,7Juh8ZzEmDzizcaPzRMDPf
Desnudate,J Balvin,1nKBdOlKgI23HoPT6SZ5Bi
Imaginandote,J Balvin,1XrTvGd8ATYkQ6JU0BgWWc
Bajo La Luna,J Balvin,5uAVFIJ97nCyoy1uayQ9Pb
Live In Stereo,J Balvin,2lZnhNRVa21qFsmma57uHo
Porque Tu,J Balvin,3kKISadlBUUaTbFXvAwLPl
Tranquila,J Balvin,2biG396b4oY4gHJJRtjUIo
Yo Te Lo Dije,J Balvin,7syG2WcnpcoJvxSZT9VbAa
Hipocrita,Anuel Aa,6XBjCetHKdO5L9cwMDVffw
Sola (Remix) [feat. Daddy Yankee,Anuel Aa,Farruko5q2JbCNi4FcnglgPfxcV65
Quiere Beber,Anuel Aa,3rPAD722s5FFNnwjC91t7Z
Pensando en Ti,Anuel Aa,3aY5VP7fEtVHfEc1o8eRNK
Modo de Avion,Anuel Aa,6BCEo2rSKFYVubwhXl9KxK
Yeezy,Anuel Aa,4CzA04WEvvXF6ItpzVTP4b
Bandolera,Anuel Aa,3WapscF576b4Gw6tED2kWL
Tu No Lo Amas,Anuel Aa,5Wr2fVAVxcEfFwvJhIInH7
Espina,Anuel Aa,5V83X8DPJ1CxO13xltF8cg
Naturaleza,Anuel Aa,1icm3g1X4j3tFk4z2PrauY
Te Necesito,Anuel Aa,5r6EpmKLqEfD7rz7mGuL66
Me Sobran Las Palabras,Zacarias Ferreira,3AtFytP0BAeQzVGmtNuFkd
Our Song,Aventura,4AuBmjPXmbBc0ZxFuaqcVQ
Glamorous Girl,Toby Love,6XeDrm3iG3rEYlUa4TKZIt
Ain't Ya Ex (feat. Mila J & Tink),Eric Bellinger,6kPWfG75vIev7VvDszFW5o
Te Extrano - Bachata Version,Xtreme,0muI8DpTEpLqqibPm3sKYf
Doble Filo,Romeo Santos,7sasRSZNmUPaHXLWndC8oj
Es Tan Dificil,Zacarias Ferreira,0Ihu6hcj4hrWVz22W3G10P
Amorcito Enfermito,Hector Acosta El Torito,2colCrVYpDalL5Oc0NkfaK
Mi Corazoncito,Aventura,5I76YtdZkFQReVgKppRd78
Don't Cry (La Nina Que Sone) - Scarlito Remix,Toby Love,6jBx2RV41yf9cRrYS7Y9Rj
Main Thang (feat. Dom Kennedy),Eric Bellinger,7mKJEzvBy4PfuDrUzAlfcv
Asi Te Amo,Elvis Martinez,7AFuyl2ItsfufLtVzDpY2E
Sobredosis,Romeo Santos,1WbXIpiGBJkCiv3hn40iPB
Imitadora,Romeo Santos,6r46lnXFbE9fr2d3KNaGbe
Propuesta Indecente,Romeo Santos,5PycBIeabfvX3n9ILG7Vrv
Eres Mia,Romeo Santos,6I86RF3odBlcuZA9Vfjzeq
Odio,Romeo Santos,1iLv1ieT9BZ3qsti9yTCnG
Yo Tambien,Romeo Santos,5A9AILetvfQg3LHyX5X0pV
Heroe Favorito,Romeo Santos,6BdAwMv1YorLfkBWlE493X
Cancioncitas de Amor,Romeo Santos,6bcdiJvYNX115yvbh3wASz
Golden Intro,Romeo Santos,3lZxLzlmc406877kYKZuW9
Tuyo,Romeo Santos,3cZhoRYQFqJ8B9z0AN9gJB
Perjurio,Romeo Santos,5Cgdd7ieR7DvInsOm9f9Ce
Carmin,Romeo Santos,7feNblkR0A56vttsAGTyzK
Centavito,Romeo Santos,68py7hjoxoGSE8HEoQIIwi
El Papel Part 1 (Version Amante),Romeo Santos,4uUxCpAWzNxpMXoUYCoERX
El Papel Part 2 (Version Marido),Romeo Santos,69mRPCENvW75sIG5EJcAGB
Ay Bendito,Romeo Santos,4crny1jvLYQ6JZ4IevcxSs
El Amigo,Romeo Santos,2ntlfmdvEAuMx5eDXypV4a
Dos Locos,Monchy & Alexandra,1ePEbbeWx3scydfir7HBcq
La Asesina,Zacarias Ferreira,1WoDc1x28zHmxnPvvM5GLh
Her Broken Heart,Xtreme,5YyH2YXaQ6RGaHsfVK1Hpw
Jose,Aventura,4TLzeL9PFoBoUNQv4sc7me
No Se Si Volveras,Toby Love,1JQXOBpIY8iqZGntpst6fS
Pardon Me,Xtreme,1E3YbpQqiXpdDVOc52p4SK
Hoja En Blanco,Monchy & Alexandra,0wDEs6WvqDHq4XJZC0dHhO
Yo Quisiera Amarla,Aventura,7Ln0OEpEiFDMwxHfEMP5aM
Irreplaceable,Toby Love,15pG31cOQzgVlppdKr8rPC
Melodia De Amor,Carlos y Alejandra,0YHItDvcCIj2u7GJwMpd5T
No Me Quiero Enamorar,Alex Wayne,0mZn0f019r9dDW0QB2c3eR
Su Ultimo Error,Xtreme,1k7wocxcLt0m940NpqTcXY
Shame Girl,Toby Love,7FzTioGjaUz7TMRql41sb1
La Tormenta,Aventura,2d4rnjrHTPdLTFRGz4ccim
Anda y Ve,Frankie Ruiz,1gNXuPDUiFehnpK7YugZhz
No Me Digas Que No,Xtreme,3AHhyUZZcKp62F0AjWJgAF
Alexandra,Aventura,5KGRgP2TIoQy5JGi5MFm7Z
Si Estuvieras Conmigo,Roberto Blades,0tozp6USHzeHmDaIPkUtZy
Llora Alma Mia,Yoskar Sarante,6KioOiN7xTcjhlYC88qkgb
Casi Casi,Toby Love,19WqcO3G6eU7ELn6EwtZ5n
Duena de mi soledad,Alex Ubago,0tignwMVJYWgUMhMIvLywK
Su Hombre Soy Yo,Prince Royce,6bYhejv8xXUFwuh1ITSdGL
El Palito Presidiario - DJ Unic Reggaeton Remix,MANU,670jcgmA7KQMREEBxEYVWC
La Gitana,Wisin,5BuL7nwOd0mH3nIVyDB727
Lo Que Necesito,Moderatto,3kWXA6pE37Bt4y6euPmqaK
Le due finestre,Laura Pausini,4TMeKnrP23HPNm45Q3mKJn
Para Irnos (A Fuego),Yandel,6S0KbuEcKzD7XP5W3cUsLg
Te Hago El Amor,Zion & Lennox,21NQMdXxiobkDmP6BdvPWy
No Debiste Volver,Eddy Lover,7ePNMvwwVJKZgxXnhA3elt
Te Me Vas,Prince Royce,18MbEK3bfXlTBQZSr74afQ
El Hospital,Gente De Zona,4ypcCAMc7FCww77n7AlfeN
Cada Que...,Belanova,1IDfAcL63xIRjG4Q98yTfn
Por Eso Quiero,Chino & Nacho,5OK0kNVDqZ8Bkv1BMMqF2Y
Marchate Ya,Moderatto,0YHEJoXzRt3rCfKQv1Neme
Tonta Cancion,El Gran Silencio,4pDzQqqrKqeB6XewwVo2d3
Abriendo Paso,Motel,4QmUCQs45wHkLecxNSMCDQ
Vuelves A Pensar,Alex Ubago,5bnPEdraTKmZe0wk57iwJt
Bendecido,Juanes,04wTurGPiiCycX8meWvf6v
Duele (Crazy),Kalimba,4sSfHheJ5F9G0bHiddFC6U
Donde Quiero Estar,Julieta Venegas,53QBpomLtMXGVy6NHyFCbt
Celos Y Distancia,Adolescent's Orquesta,71x5hBJkZb7lYCT1WImwQk
Dime Ven,Motel,15dKsB2vjInNQNN8EWuwxD
Mariposa Traicionera,Mana,2USyvcBpPjhW0rgiD2R8Bp
Una Absurda Cancion De Amor,Los Enanitos Verdes,4Z925hnXYvnmjUmNKvEa4L
Te Lo Pido por Favor,Jaguares,6iRkrVOhCjgKFB2cBWnx4M
Hagamos Un Trato,Amanda Miguel,5qAzijlq9fWJZaKY9eB5v6
Las Cosas Pares,Mecano,12yPlQoPxWMP5ljrezjNwl
Grita,LU,6nbjd5ogT7v4YAtA8wxEmk
Vuela,Magneto,6nz1ojKuYx5HO7Vh0wmuWp
Ay Amor!,Flans,5SL4MQJaRMF4TjvvfUBI6p
El Me Mintio,Amanda Miguel,67bbc4lUkhTtDrcu5gv1uN
Me equivoque,Maria Jose,0mjwigpuvO4IAAMtoNoUyQ
Mojame Lloviendo,LU,555uN7s1rfxyUqpFZfYxro
Hawaii-Bombay,Mecano,16Zkdh7oAYAlOncLGMft0Q
Sentados en un arbol,Sandoval,3aIkN6ZJTFUTNoapzdWR0F
Por Besarte,LU,4q88IbAn47f7GCQIFhbYkL
Cachitos de un Sueno,Ana Torroja,19eiRxKcCpTSGBw8b3Qo6A