Don't Speak,No Doubt,6urCAbunOQI4bLhmGpX7iS
It's My Life,No Doubt,2fOxxLz9JVe53itq6pfBak
Spiderwebs,No Doubt,4ZD6SiaJi75smnel0d7jl3
Sunday Morning,No Doubt,6yCjhDzcVIfxvTjBKhhn7P
Ex-Girlfriend,No Doubt,5ECMRJbRlj0FZRg9cRg94m
Something That Produces Results,The Early November,6bVYfzZxDrC4BSqVhYJFGt
In Currents,The Early November,0aTeX7dU10jtLtKagF7nGu
Ever So Sweet,The Early November,6eCMtQekfj8GxT3CkgiupS
Decoration,The Early November,6b9zC4tbdV3jmRtpErsKP1
Tell Me Why,The Early November,5sPvQkmNaoRAhasYG3pirl
Ever So Sweet,The Early November,6kWPgqYEwEDAk5kHMJdrDo
I Want To Hear You Sad,The Early November,5egPxWsNmWLH7pxC3JekUe
Sunday Drive,The Early November,0lVrjXyxebpXQ4IieXTe0Q
Make It Happen,The Early November,4WrPpvZsXgfnxwqBRpPAH3
Every Night's Another Story,The Early November,0wMnotIXKG1AyqcBaAEkKG
Outside,The Early November,2qtfNK5U0OZ3X32lq4Kgth
Semi-Charmed Life,Third Eye Blind,42et6fnHCw1HIPSrdPprMl
Deep Inside of You - 2008 Version,Third Eye Blind,06iQLLK93Dlv7RcvzmZo2g
Motorcycle Drive By,Third Eye Blind,47wtXjG0Sk6DI6cjkRBcEg
Palm Reader,Third Eye Blind,3JossZ0S7W9y3VStoTatm6
Danger,Third Eye Blind,3w4y1svsHpVj7qo104X4BA
Purple Rain,Prince,54X78diSLoUDI3joC2bjMz
Raspberry Beret,Prince,5jSz894ljfWE0IcHBSM39i
I Wanna Be Your Lover,Prince,4yrM5BVyJzy5Ed4GPO6e8j
I Would Die 4 U,Prince,6fBwVe6udYdnRqwqo06if8
Sometimes It Snows In April,Prince,1Az0fhiWi0EVS4cZ3FF20X
If I Was Your Girlfriend,Prince,6yK7QgE4H7dIzHa9EV4FKL
Darling Nikki,Prince,0khi86hc79RfsRC0rrkkA2
Tom Sawyer,Rush,3QZ7uX97s82HFYSmQUAN1D
The Spirit Of Radio,Rush,4e9hUiLsN4mx61ARosFi7p
Subdivisions,Rush,0Z0s6dw0zw2ENU1gVjlLV6
Red Barchetta,Rush,6UGHk2cmbDC1oidVjXcCKo
In The End,Rush,2T6lFb6HFAOkkOnphgwA2R
The Trees,Rush,5cHnoalJPx909Umw8EoroV
Entre Nous,Rush,3JZDax8w9XaM2SXVim3lxd
Marathon,Rush,2P0x26YpGzXDddtQEc171e
Mission,Rush,0q6kL6JEfoGbozD1rjG7NY
Miles Davis & The Cool,The Gaslight Anthem,2QchVq4V2EgF03v5H3x61V
Placeholder,The Gaslight Anthem,0qI8afc7RHqLLUcsu4LaHM
Selected Poems,The Gaslight Anthem,7ANY560rofjwSPEY0QcOUR
Stealin' Apples,Benny Goodman Septet,35kh2fUU4igva1vJ0XZg26
Israel,Miles Davis & His Orchestra,6pKlPnX1qAz8bIJ34kwXvU
In Walked Bud,Thelonious Monk,0C4mfRVW7HyO4QTdLsbS8T
Digression,Lennie Tristano,5WMa6fgLtRpjRqwhAAOCqs
Disorder At The Border,Coleman Hawkins,4BEvk9IS1Pm73GniFmVK1J
Dizzy Atmosphere,Dizzy Gillespie,4Wv7mZGM5P04IDwu8nzC1N
Double Talk,Howard McGhee,4odFYEJOyIP8ahvHCYmUoU
Down Home Blues,Sonny Stitt,4bRGniruyATVPVx41pRY4M
I Know That You Know,Sonny Stitt,5756NaFSFafgho8Wu3qPx2
I Surrender Dear,Lennie Tristano,2X7jU6dxR8PGXKoz5vX98w
I'll Keep Loving You,Bud Powell,4pGoJ9ImooIKVRNIFCTzGS
If I Had You,Sonny Stitt,53ipF4bmLsebgH7v6VjS8T
If You Could See Me Now,Sarah Vaughan,7bOIKx2XXlgGV1vZ1IdJ8R
In The Middle,Georgie Auld And His Orchestra,7gTqBC9qgTA78T06iTTmU1
Interlude,Lennie Tristano,0xHElLXgwT2lFyfEeDe6Qv
Intuition,Lennie Tristano,3kE0AJTwwKl6oV93imNXAv
Parallel,Lennie Tristano,2P91JIkBSJ6eg6vdj8NPgZ
Paraphernalia,Miles Davis,7uvaAkNt835m6iPWoWc703
Requiem,Lennie Tristano,2KeF2ILmVKSPRIIBAM3pCl
Round Midnight,Thelonious Monk Quintet,54qtY88WzDEdq8N0Tmb5tF
Ruby My Dear,Thelonious Monk,4R3th1B4YX03kUMPfCSSk1
Okiedoke,Charlie Parker,3SjRqMpZ3mFeuFiMZ43kAY
Oop-Pop-A-Da,Babs' Three Bips & A Bop,2zhwNjwZQkP0ZH99FK8Yvm
Ornithology,Charlie Parker,7fF2XTwgrnAfOmM6NFnpiG
Our Delight,Dizzy Gillespie,3mcrTRbLcyY6tD19CDXFO8
Out On A Limb,Lennie Tristano,2nOyxirGZeNyo1W51Csnxv
Ow!,Dizzy Gillespie,0tnq9arKzgYfZ52BCshF1R
Dammit,blink-182,74Zp9QiDrFZpBV949AMbUs
Date Rape - Edit Version,Sublime,4rydewlCUn9cic7SkaYdBN
Daughter,Pearl Jam,5dLg1mk8bZTKxoSPMyS2Bl
Dead & Bloated,Stone Temple Pilots,658Ng56tIu4gb5gFDuXNcY
Death Blooms,Mudvayne,3QnRePd3zPgSOIO6lsxdxo
Devils Haircut,Beck,7h69nvFshbhUpesEXBPH0w
Dig - Radio Edit,Mudvayne,58yOrpSKqkkTO1TtvYS39W
Dissident,Pearl Jam,6yT5zMlSfpTU7WqsAZZwdV
The Distance,Cake,0xMEF2WiqKWTIG7Krjungw
Doin' Time,Sublime,0Ylaocf86J0PZAhjAP8wzl
Doll Parts,Hole,49t1GWE6ZiEoBgN92oMDdM
Don't Speak,No Doubt,5PsUB0ISfQxRLhF5DmI5Ks
Down,311,0HDaKOlVAfUWXdFR2RhBtN
Down In It,Nine Inch Nails,5VlQPRCWugAXmjGPPlO3Je
Down Rodeo,Rage Against The Machine,5dzLph7jECJii1044mRBEw
Dreams,The Cranberries,0cli6LmLOFcYqx0JrqAe0k
Drive,Incubus,7nnWIPM5hwE3DaUBkvOIpy
Du Hast,Rammstein,7e5EPkc1TcBoFyTQHanK6G
Dumb,Nirvana,6jHaeysZ7MbmSWkDUcodgm
El Scorcho,Weezer,0Svkvt5I79wficMFgaqEQJ
Engine No. 9,Deftones,5vVKkF3xih38Vcoo4HgAo8
Enjoy the Silence - 2006 - Remaster,Depeche Mode,5qUNpGMN3XRn9uqZBR9e6N
Epic,Faith No More,4ReyTz0y3TGkX48wO3Llot
Epiphany,Staind,1q8ZBBy9yxI4dxCzMfxmiZ
Even Flow,Pearl Jam,0o7g2ndHoHmzTXaxjPM44O
Everlong,Foo Fighters,3P2y23mjSUO0BHbTmett1Z
Every Morning,Sugar Ray,2ouURa1AIXp3AvkS52Jry5
Everybody Hurts,R.E.M.,28AZM08WStiEXfqN065BvN
Everything Falls Apart,Dog's Eye View,4l1W5SkH8EJJ9RQEq6UFMW
Everything Sucks,Reel Big Fish,0eZJK2oesKYiiuGfFzfRKj
Everything You Want,Vertical Horizon,4cKGldbhGJniI8BrB3K6tb
Everything Zen,Bush,7fQvQxRK8ik9ZQuNHz7jDO
I Alone,Live,5FuEWRr8HDGflDjanvhjEA
I Palindrome I,They Might Be Giants,3parkCTa4UQaAA89KnRVa1
I Will Buy You A New Life,Everclear,1kAsK3l5yVBqUZdf9182ow
I'm Gonna Be (500 Miles),The Proclaimers,66S14BkJDxgkYxLl5DCqOz
I'm The One,Descendents,4d9LC9QoGja5M3en0HWUq1
If It Makes You Happy,Sheryl Crow,68v5PET8MSQpE8tsuHPuko
If You Could Only See,Tonic,48w23eUUSD88z3xpetzOoE
The Impression That I Get,The Mighty Mighty Bosstones,2F5r18ZlLUBqnt0jjhhETm
In Bloom,Nirvana,2qdRHMosT8YO3zfEJQXHsW
In The Meantime,Spacehog,02lTDOxHeXTHsdwXoz6lpC
Infected,Bad Religion,5uybbbUsilfYPVHUjrro8L
Inside Out,Eve 6,4GiVcDqNQI0fc0yYuRGH9m
Interstate Love Song,Stone Temple Pilots,1AfYo6cKm3yHsJHdmNoGO1
Iris,The Goo Goo Dolls,6Qyc6fS4DsZjB2mRW9DsQs
Ironic,Alanis Morissette,4oGTdOClZUxcM2H3UmXlwL
Island In The Sun,Weezer,0AxdJGlXJjEUsNONDuT2pe
It's All Been Done,Barenaked Ladies,3dnY1Rl8JnjP1ZDFGrDzfh
It's Been Awhile - Edit,Staind,7iIeQz4yvgfT91VmHjtv8r
It's On!,Korn,5GEFANTU2bzJPE3Ui9PkZg
It's The End Of The World As We Know It (And I Feel Fine),R.E.M.,2oSpQ7QtIKTNFfA08Cy0ku
Middlename,MxPx,1E7naef3uEZp5CQZ3CxObL
Might Be a Dream,Pennywise,5KvS0sNe7WoyCxJcn3GG0O
Mmm Mmm Mmm Mmm,Crash Test Dummies,76nvqWPFucUra1xCkN1tnD
Monkey Wrench,Foo Fighters,7DYtVNplBTFkx7bISf0kSF
More Human Than Human,White Zombie,4G2YaLV8aQh33BScJGHo4M
Mother Mother,Tracy Bonham,0tvuYipSMMgtBdEYkm30LC
Mr. Jones,Counting Crows,4q5cQyhhUW5X0PQVzA8VsG
Mudshovel - Amended,Staind,0pzxXp9mv6Vby4V0Z0FfES
My Generation,Limp Bizkit,1P3Qh4gJeZQ3kPkWxLqCRR
My Hero,Foo Fighters,0E1gWXaq7wfOUisygxQNAi
My Name Is Jonas,Weezer,5tyHxEsVUFUsb1yzAObAxu
My Own Summer (Shove It),Deftones,1158ckiB5S4cpsdYHDB9IF
My Own Worst Enemy,Lit,33iv3wnGMrrDugd7GBso1z
One Headlight,The Wallflowers,4AmJpaF86079ZjFVVYhFbJ
One Week,Barenaked Ladies,1C0pmryC2MdXfa7MZ9uIrU
Only Happy When It Rains,Garbage,1IYgKFqW3gkJ1MxFi6KZcl
Only In Dreams,Weezer,4W3EJUPyx1OZCwodpSknSA
Only Wanna Be With You,Hootie & The Blowfish,1OFKUn2VLafrHj7ybnap0Q
Open Your Eyes,Goldfinger,3o8SbOARIcMB8JArwSoopq
Outside - Aaron Lewis and Fred Durst,Staind,216DS31pqwOJzGSVGvdoJO
Paranoid Android,Radiohead,1U8ZGtWBxcPeWcwDTCO64X
Pardon Me,Incubus,1Y13csEpu3TK5gQdzGLrd8
Peaches,The Presidents Of The United States Of America,2HF2D2b2m66EK6fwGcHIor
Pennyroyal Tea,Nirvana,65EmatL6qcs5VvdYpkzj6E
People Of The Sun,Rage Against The Machine,0q9GfbkX4qq3n7ymjApBcr
Pepper,Butthole Surfers,1ng36571Iyov4HBxUClySn
Popular,Nada Surf,48sJGpBLqQTs0sZ2ImHJof
Possum Kingdom,Toadies,56SkdBKyR2zOkjk6wVFI9s
Pretend We're Dead,L7,3z5ggGtcs4t8pizW521gW9
Punk Rawk Show,MxPx,3Z1YQJ3jHXl9e9COePS4cT
Push,Matchbox Twenty,2KVwlelhxKUy8LVV6JypH3
Push It,Static-X,43WFwjiWFHc8ZryT1Tz1aY
Race Car Ya-Yas,Cake,0M3fsEibK2tI71pxmMK1ZR
Rain King,Counting Crows,4vo9bkJ9lhltyV9hWHgbZs
Rape Me,Nirvana,28klQVn4bglu8o1fUBGij7
Ready to Go,Republica,7Duqn8un04Nz5n4PWk83Q5
Real World,Matchbox Twenty,70fe354BpVKEvMY0de78YO
Remedy,The Black Crowes,0llxmcDSKJXEFQ2RlZq3GZ
River Of Deceit,Mad Season,3e2fDgC93LGc9Lbdvr6I9k
Roll To Me,Del Amitri,1MlkJiKONnxK3WlpJRKxuQ
Round Here,Counting Crows,0zDuCbY4NVcHD4pjXuvJMX
Ruby Soho,Rancid,6zOlYzDyJifRMxim69LoWj
Run-Around,Blues Traveler,6A64S6NPQwA5KIQ0tQuEJR
Runaway Train,Soul Asylum,6jA1EDXarBl4yIGlMdHHGe
Salvation,The Cranberries,2SekMeya0LAh7v2oSTkx0T
Santa Monica,Everclear,37EJtTS7jT5WUyXGZzrwnI
Santeria,Sublime,2Z2vOukzwOgqR4dkymRSWd
Save Tonight,Eagle-Eye Cherry,2hdhm6piUJnmKXmEmskXCg
Save Yourself,Stabbing Westward,561spezvXFVnAOYoSv4Bxy
Say It Ain't So,Weezer,1Ndza63KA2JvKo5CuT1U93
Self-Esteem,The Offspring,4u4KpbgVzzF62uoOItsEiG
Sell Out,Reel Big Fish,6SJ1hWFVBIiUgGgHKvwXCQ
Selling The Drama,Live,6e2bN9hFm0N6AXvoaT1P0I
Sex & Candy,Marcy Playground,5kh2oynEmiwMl13WzxqLIR
She,Green Day,4wsQGsdf8D0Bj26cGdvreB
She Don't Use Jelly,The Flaming Lips,1dJuteDIOkGfDSN7zPkzNv
She Talks to Angels,The Black Crowes,1syiesv03VRWmpW5JjgVp2
Sickman,Alice In Chains,0IOsOlWfEswytGgmpeLKs4
Sleep Now In the Fire,Rage Against The Machine,1MQTmpYOZ6fcMQc56Hdo7T
Slide,The Goo Goo Dolls,0nnwn7LWHCAu09jfuH1xTA
Smells Like Teen Spirit,Nirvana,3oTlkzk1OtrhH8wBAduVEi
Smoke Two Joints,Sublime,3nVbGNRkLbCUtPpXkmTcCs
So Much for the Afterglow,Everclear,10yqORzsT4ZD9byA7EQjsS
Somebody Someone,Korn,5nQ20ZeSY2JQukNGpyCJsR
Someday,Sugar Ray,6zeDYmP3ARpURvpK29Q09P
Something's Always Wrong,Toad The Wet Sprocket,1W02KkFerpTBP29RKIt2c4
Song 2,Blur,4F64QXRV1EGHSm5jIeMmcQ
Song for the Dumped,Ben Folds Five,3u13MyusqSsMVegpADUHHP
Sorrow,Bad Religion,2ccdGN0u41iaveyQeae9Iy
Soul To Squeeze,Red Hot Chili Peppers,3arKRnq9OUd7yq6LRwVW8I
Southbound,MxPx,7mTZ2MaaZYD4tcfzMrGTiE
Spiderwebs,No Doubt,020gYw7juUaNs2tLYMlfms
Spokesman,Goldfinger,2jnkyrJ9dCuG3K0SEjRSrR
Spoonman,Soundgarden,4KluXUYLz4sXLJL2f0Fe2D
Standing Outside a Broken Phone Booth with Money in My Hand,Primitive Radio Gods,5hcer4MP5GeHqtSjDYx5AC
Stellar,Incubus,6ISuXA3UCPMtsyEUGUTAyn
Stop,Jane's Addiction,7F0dwqgKzlaIRrngChBRAc
Story of My Life,Social Distortion,4Q4w8aRdfhIIEhBututktL
Stupid Girl,Garbage,0UCDSSVMVeVRx7ue4Ovgvi
Summer Romance (Anti-Gravity Love Song),Incubus,4O1aEPLNamT9ZuClNZi2KM
Superman,Goldfinger,4X3qGigyU6ARi3HP4lWD95
Superman's Dead,Our Lady Peace,1612JQ4JxS8bm5ky53N3bH
Superman's Song,Crash Test Dummies,4QXxA6ixE222Ely7fAeopM
Surf Wax America,Weezer,4kKuh4x95YkagNiXQunpdg
Sweet Dreams (Are Made Of This),Marilyn Manson,0Xq7FPQaLJgIHSB605YUMy
Don't Make Me Hold Your Hand,Lake Street Dive,7uD10t0AdnZkD4F504SxWa
I Can Change,Lake Street Dive,0jCe45cYIc6NXedmbIKy0Q
I Want You Back,Lake Street Dive,6JOhSaRuLdjpg08ZssGs7M
Rich Girl,Lake Street Dive,2y7deqG55Bde0gZ9g2kIN2
Seventeen,Lake Street Dive,7xiDKIBTyyI5c4HcZ3n7kZ
Shame Shame Shame,Lake Street Dive,6vSNvssxO543E3fD9hwzvu
Side Pony,Lake Street Dive,3FDIAIgrA7Ltm0lyM1HLyk
This Magic Moment,Lake Street Dive,4buZE2oO7R4uSEp31iNgNO
Distant Memories,Joric,1SFTUmTSRyv6bvSdUkitXj
Don't Be Scared,Ka-Meal,1sqQ417sqHfAz0rp9QSseF
Drive Home,Shy Cope,0E8IUQ6U20nbu7ErUSQWEE
Drunk,Masked Man,0F14klKK6Uq7813Cqi2VxQ
Early,Distant.Lo,2r2UnLolaaKXsdA0csCIQN
Elevator Bump,Xfruge,4LotlNKZbBIoPgFpKCQNIg
Everything is quiet now,Elijah Who,655uUV88DSx3gmgLZosPbT
Existence,Cold,6fkEXnxYYmw9n9VUkN4Eh3
I used to be so in love,Elijah Who,3eFzJrKFMru12hgVSznhXV
I'm Fine,Hentaidesu,64uVWmiZJdsEFaDKNhLYs9
I'm tired of feeling this way,Elijah Who,3ZrEZotljrbSG4XKguKgeJ
I_can't,Nokiaa,2VJcdsKq5iFigNFTtpGNi7
Ice Cream,Space Gang,63zC7u0atMoiNzT3BWGbpD
Im closing my eyes (feat. shiloh),potsu,3RO8tQsiLI0cJFcWGTUZKk
Island,[bsd.u],2DOBgeU2183gq6ApBCsMNT
It's finally raining again,Elijah Who,1RRz41fH6waLtQoQOoQlKR
Thoughts,Ajmw,1ZMeEr88b1LJJYoDB2GOI0