In My Feelings,Kehlani,4cA6e3U7mtJfAOq3dWNAUZ
Europa Pools (feat. Kacy Hill),Cashmere Cat,1wrV0UIacSdIvbuLRRdH5q
Jump (with Trippie Redd),Julia Michaels,2OvV4NjEBRE9v8Oo7QeUCq
Tequilawine,Olivia O'Brien,7hCr1IIEbIZGG3fR7Gaptc
Fools,Madison Beer,4cIPBRZVBcsk7yiNYgAnqR
Sometimes,Ariana Grande,1FlYPPzFJUNh3KRE36pYbe
My Favorite Part,Mac Miller,66wkCYWlXzSTQAfnsPBptt
Close Enough,R.LUM.R,6gHQIxtN5UwHJlEaUjcViK
Infinite Stripes (feat. Ty Dolla $ign),Cashmere Cat,2pGvtzrsbR46mqqD7j13FO
Les Feuilles Mortes (Autumn Leaves),Ernesto Cortazar,1uY1IBa1UCS8u0nvAwO9Qd
Another World,The Vamps,3weSfRtkhSVUgnB5CtHLZR
Favorite,Nicki Minaj,0Rn35uVnV5Q1S1DM8NBhSr
She Lovin It,Trey Songz,1jQjQZXwyPfwimdPRMm7MB
Teenager in Love,Madison Beer,2IRH2r95UDqvlrrMOgOXjU
The light is coming (feat. Nicki Minaj),Ariana Grande,5iZ4hcpCgFVijq5OOjBTKZ
No tears left to cry,Ariana Grande,5SxkdsY1ufZzoq9iXceLw9
God is a woman,Ariana Grande,7gkWXbAxIYuvtOpcN3p9GJ
Side To Side,Ariana Grande,1pKeFVVUOPjFsOABub0OaV
The light is coming (feat. Nicki Minaj),Ariana Grande,5iZ4hcpCgFVijq5OOjBTKZ
Into You,Ariana Grande,2meEiZKWkiN28gITzFwQo5
One Last Time,Ariana Grande,7xoUc6faLbCqZO6fQEYprd
Dangerous Woman,Ariana Grande,7l94dyN2hX9c6wWcZQuOGJ
Bang Bang,Jessie J,0puf9yIluy9W0vpMEUoAnN
Problem,Ariana Grande,7vS3Y0IKjde7Xg85LWIEdP
Everyday,Ariana Grande,6yL2kTsdVwYnGwPkKGtMd5
Moonlight,Ariana Grande,4TZdeM7zelZGz6JPrXSEZ1
Be Alright,Ariana Grande,6f5TuB9WtbA1g49A4DcMQ4
Let Me Love You,Ariana Grande,5AKlnLpP3WLwZseNbjquND
Greedy,Ariana Grande,2tpIAmAq9orm1Owh5pja1w
Leave Me Lonely,Ariana Grande,0zXXqCxifU2u8jfW2r4POb
I Don't Care,Ariana Grande,6j4w8O8gEseBUZTOo8vYMK
Bad Decisions,Ariana Grande,1j0Rb762xxT0eccglHKsRv
Touch It,Ariana Grande,7MGRcJy1saXKiphwqJBnRb
Knew Better / Forever Boy,Ariana Grande,2SUQGI9ztmp0PQd1J8SVHx
Thinking Bout You,Ariana Grande,6iOhd5wNnvvwGDEuNILvM5
Intro,Ariana Grande,0qMNPhpRzbghJy6G3SgRag
Why Try,Ariana Grande,40fHWRL8bKcl5J4t4OKUiW
Break Free,Ariana Grande,12KUFSHFgT0XCoiSlvdQi4
Best Mistake,Ariana Grande,70yhaHLp9STtzI2Kzba6Tr
Be My Baby,Ariana Grande,0fonaf88IEDQM309zmU80L
Break Your Heart Right Back,Ariana Grande,0HGcQDbRen8luCnwH53sNl
Love Me Harder,Ariana Grande,5J4ZkQpzMUFojo1CtAZYpn
Just A Little Bit Of Your Heart,Ariana Grande,5lvnGiTAH9BVlJLHc0DXZz
Hands On Me,Ariana Grande,1rNop31kdDmSj3Ds6xhIeS
My Everything,Ariana Grande,4eumFsTnduH3zRfaASoAPs
Bang Bang,Jessie J,466s1BacUmiRdR3ISvNjyx
Only 1,Ariana Grande,6LQzYkmd8ADbKOOEVDnlG4
You Don't Know Me,Ariana Grande,3hgl7EQwTutSm6PESsB7gZ
Honeymoon Avenue,Ariana Grande,5SmXEPnevlRjBPWBG7oKIi
Baby I,Ariana Grande,6NmCCgnQcxKHPOAKgd9Nth
Right There,Ariana Grande,47rzxY9wSpomHE1gT94jIT
Tattooed Heart,Ariana Grande,7JmIjOsRish3vYBSLTytEC
Lovin' It,Ariana Grande,0CN72fWya38TPEQzrsr27w
Piano,Ariana Grande,1FSfCzJd8aSQ0nqTSbN4PO
Daydreamin',Ariana Grande,2CcQDI2IDhHbmBIFup58JE
The Way,Ariana Grande,0S4RKPbRDA72tvKwVdXQqe
You'll Never Know,Ariana Grande,6d8XhbAw4IoKPnVD07Sb9b
Almost Is Never Enough,Ariana Grande,442j8VxaB60dWf9cBFuX5w
Popular Song,MIKA,6AviHKu3ydzAePBmzEi62v
Better Left Unsaid,Ariana Grande,0vyQdRbRJRRY8GGuM8eVVI
Somebody,The Chainsmokers,3pWcj8hxj3fsb9TDAcMpEl
Closer,The Chainsmokers,7BKLCZ1jbUBVqRi2FVlTVw
Something Just Like This,The Chainsmokers,6RUKPb4LETWmmr3iAEQktW
Don't Let Me Down,The Chainsmokers,1i1fxkWeaMmKEB4T7zqbzK
Sick Boy,The Chainsmokers,08hm0V6cTsWDX62hW42sEv
Paris,The Chainsmokers,72jbDTw1piOOj770jWNeaG
Everybody Hates Me,The Chainsmokers,7GCKSaadrwpoVSiwbEGkfv
Roses,The Chainsmokers,3vv9phIu6Y1vX3jcqaGz5Z
Side Effects,The Chainsmokers,5yNEdBlZMxpcVtGKz5NFk5
All We Know,The Chainsmokers,2rizacJSyD9S1IQUxUxnsK
The One,The Chainsmokers,0wfbD5rAksdXUzRvMfM3x5
Break Up Every Night,The Chainsmokers,6cPyTS0Kk2sc4xQwC93kOg
Bloodstream,The Chainsmokers,26AuyrZGzWWiYZPSd3XBIg
Don't Say,The Chainsmokers,1pJQAHpD51J7GYaFrrFO9S
My Type,The Chainsmokers,6V9kwssTrwkKT72imgowj9
It Won't Kill Ya,The Chainsmokers,5xhJmd0I15jFcEdqxfCzKk
Honest,The Chainsmokers,6KjbNLbRjuoa8rEq5yNA6H
Wake Up Alone,The Chainsmokers,0dj1CtyRxZ4bnIT4Q20jNT
Young,The Chainsmokers,1KeZgPUr54C8iz3FjqzVoz
Last Day Alive,The Chainsmokers,6GeD5g9vZTz25Egf8kxoIY
Somebody,The Chainsmokers,6mWDwN58PgiPiDXkfSfB4J
Everybody Hates Me,The Chainsmokers,5rSYFfkeBurvs24iMLF2eA
You Owe Me,The Chainsmokers,3WgkvV1SMZyjxZPv9i3N13
Sick Boy,The Chainsmokers,6G9NGmhQY69knXica8K5Mp
You Owe Me,The Chainsmokers,2QvDlXN2SZpuRm0hrIPjFd
Idwgaf,Borgeous,38Uf2yeWNuYossog57GFfN
Scio,Jay Hardway,37XYXmjD5eh8PSblf02AJN
Inhale,Duke Dumont,05bUAkDRK3xzvVkZlGU6ee
Miami 82 - Lucas Silow Remix,Syn Cole,1hlSU2dSXytehUIWL16kao
Written In The Scars (feat. Wrabel),Galantis,0W68dlJ9e4OcVWbECODJDM
Balenciaga,Cheat Codes,5k6ioThKIxeklkIt3MNJjC
Wired (feat. Babet),Jay Hardway,149oWfWgLCtRW88xRCKXu1
Lost At Sea,Zedd,3Gwq0zKnMWluOEPKh93BeC
Girl At Coachella (with Matoma & MAGIC! feat. DRAM),Matoma,5BquXRbtTX3jaSXsfudsdm
Miami 2 Ibiza - Extended Vocal Mix,Swedish House Mafia,2U1bDJAym3cdNe6hhPonDJ
I Just Can't,R3HAB,4Ux0Y0eQYv4HJPvuxioosx
Voices,KSHMR,7fx7XXLOc2nI5oQJBalxZ8
Golden Pineapple,Jay Hardway,2hNzhAJqtVIHlcTwmPJFf0
Livin' The Dream,Tritonal,7slguikqd1s3MwNQUn69LQ
Been Ballin (feat. Lil Uzi Vert),Steve Aoki,2NphztefpybiUgnaF0YVNB
Sweetest Thing - Club Mix,Just Kiddin,3OWRf6K4vjf58wPSP1RIiK
Resolve,Audien,3LbnyodaJNJtI63oqqtqDR
Winnebago (feat. Quinn XCII & Daniel Wilson),Gryffin,2FVm4ADgYRIQWlpYKDPdl9
Here With You,Yves V,1mO5HYpOAtD1nuTkejjhiz
Indiana,Just Kiddin,79zjU6YFpnCTf2WeHuPaBC
Messiah - Lido Remix,Alison Wonderland,1XD8WkOQQhBy17UZkuMmCk
I'll Never Die,First State,1hCqpBkezbscQIWA0nhPL0
Heavy Love,Andrew Rayel,4eubSCf0gUIxImCSTlSrcY
Touch,3LAU,5JKU2tXiG3yvJtefNwe7ZQ
Jigsaw,Jay Hardway,7ACt02bj3sjJVaofJ7MtJn
Nepenthe,Seven Lions,1q3E9rGb23QYUVVef8dCKz
The Future (with James Vincent McMorrow),San Holo,47pj8vLDKu2HqbF2bgzn3X
Candles,Morgan Page,1ilyIkfTTyMsYV7o8ejp4t
We Did It,AREA21,6RH49kOurGNl02pT2iKOOp
Silverlined,XYconstant,4FLkdTiZXMJqenotH0M5FP
Adieu,Tchami,3de3pLWU48fpTNlSuM6tyR
Bold,Dustycloud,35ioSWQeKnwsyYga5tZTBM
Nothing Better,Chris Lake,1oqniN5rzgvhAWoq4HgY2W
Deep Down Low,Valentino Khan,6UlvONcL4jXM0pC0CPA48S
Hanabi,Florian Picasso,6YTl1Zl1mYnplgxJYXBzUT
Utopia,Dombresky,1XvMEZ2fwXs0eZWjx1s2iE
Good for You,Calippo,0aWPtYTMucgDD0nksmFN11
Do It,Tuxedo,1cyP2lN6FqZsF8eO1L62Qv
Brown Sugar - Original Mix,Platinum Doug,3c79AfWNOTCGTKWlIRnqry
Give Her Right Back ft. [Dances With White Girls],Chris Lake,6nzC3PRVLiPPcUuem4e4DL
Meant To Be,Mike Mago,4rCW7SRjt3knEGRNqIZCmu
Money On Me (feat. Anderson .Paak),Snakehips,2X1v0cUbDZXzi21L0yAH79
Shot Caller,Tchami,3uz4L8kNzXY0Lae4US83sO
Carry Me,Calippo,3Bo084IrI3grdhQR5h9TzE
Cruzin',Snakehips,5iwb2YMVfNU5zGliOdwbcj
When I'm Down,Whethan,556l9P7WVZVyYUBjT1YFTT
Plans (feat. Brandyn Burnette),Elephante,6XLUlVeCNo4T7Gvkmy6NmC
You Can Count On Me,Ansel Elgort,2qwYI0iwHZbFXZzq0QGgMP
Let You Go,Nightcall,6JflMse23AqmddXJnGiEVJ
Jackie Chan,Tiesto,4kWO6O1BUXcZmaxitpVUwp
Hills,Kim Petras,3qU4w55KUa3jKFxT3xXqLu
Boss Bitch,Kim Lee,2LM9knqvgE8gWHfQtINX58
Didn't Know,Digital Farm Animals,12XyYbQRWeMJjn7k0I3oyA
If I Told You That I Love You (feat. Wale),Steve Aoki,39yHBQsOtFmgW8xWyXvhM0
Grind & Pray/Get Ya Money,August Alsina,3lZPKJx51kXdLcaWFN6twU
Catching On (feat. Nevve),Elephante,5be60DE1dTfKoeyxQj0tR0
Deja Vu,Snakehips,4jIb022gI284OzhbG16Q5L
Mo Bamba,Sheck Wes,3QybPutx0Tjk472bBKjNWn
Perfect,Ed Sheeran,0tgVpDi06FyKpA1z0VMD4v
Shape of You,Ed Sheeran,7qiZfU4dY1lWllzX7mPBI3
Happier,Ed Sheeran,2RttW7RAu5nOAfq6YFvApB
Perfect Duet (Ed Sheeran & Beyonce),Ed Sheeran,1bhUWB0zJMIKr9yVPrkEuI
Thinking Out Loud,Ed Sheeran,1Slwb6dOYkBlWal1PGtnNg
Photograph,Ed Sheeran,6fxVffaTuwjgEk5h9QyRjy
Galway Girl,Ed Sheeran,0afhq8XCExXpqazXczTSve
Castle on the Hill,Ed Sheeran,6PCUP3dWmTjcTtXY02oFdT
Dive,Ed Sheeran,51ChrwmUPDJvedPQnIU8Ls
Supermarket Flowers,Ed Sheeran,4VuS959DSpr82t3qBqCrWG
Eraser,Ed Sheeran,7oolFzHipTMg2nL7shhdz2
New Man,Ed Sheeran,5HDPtsnyb3maFmPL8LLUTG
Hearts Don't Break Around Here,Ed Sheeran,2dfHh7ECGxfNqZTQno09Vk
What Do I Know?,Ed Sheeran,2pJZ1v8HezrAoZ0Fhzby92
How Would You Feel (Paean),Ed Sheeran,6PJ8FF6UR8FZXfEvpHkIVN
Barcelona,Ed Sheeran,3Lfiu5sZ4M4B6JaKMBc0FU
Bibia Be Ye Ye,Ed Sheeran,6SznMYPQJHzr3IwsAHLId2
Nancy Mulligan,Ed Sheeran,35QZaWQRkmnAVqBF1TLCxQ
Save Myself,Ed Sheeran,6TIU9Ehmi6dMzZK73Ym4yj
One,Ed Sheeran,5TvFfDlVoUWZvfqrhTJzD7
I'm A Mess,Ed Sheeran,0xCA70t1ZA4fa9UOE0lIJm
Sing,Ed Sheeran,6K8qKeWo5MsFED7wCR6Kop
Don't,Ed Sheeran,1huvTbEYtgltjQRXzrNKGi
Nina,Ed Sheeran,3GKSfF6c3Rv3a1knSjxnXa
Photograph,Ed Sheeran,1HNkqx9Ahdgi1Ixy2xkKkL
Bloodstream,Ed Sheeran,5v4sZRuvWDcisoOk1PFv6T
Tenerife Sea,Ed Sheeran,1HbcclMpw0q2WDWpdGCKdS
Runaway,Ed Sheeran,2VmA7bm5ECiYZfw7x4Nzku
The Man,Ed Sheeran,1gHF0I223J5pv06SuBcmkz
Thinking Out Loud,Ed Sheeran,34gCuhDGsG4bRPIf9bb02f
Afire Love,Ed Sheeran,12B0Twa9kRz45Xw2PgXHJm
Take It Back,Ed Sheeran,2dmOWlEHrP266Qgz6wnUrd
Shirtsleeves,Ed Sheeran,7awwmuGslmuyhnlpFipDqk
Even My Dad Does Sometimes,Ed Sheeran,0N5zjRnf8AreOm95iSBXF4
I See Fire,Ed Sheeran,5pY3ovFxbvAg7reGZjJQSp
Honest,Bazzi,11Tfh16o0SW8KdiQdeESEX
Second Night Of Summer,BORNS,6Ov2pt0TfDeSdNHfdlcKpq
BoRdErSz,ZAYN,3MpdgSxThlICp5LSsZejGf
Soarin,Bazzi,4pabDIdwjv80lbsx7XcNwZ
Bracelet,Lauv,5WAD7GRAHPQUy9Il1hM7wL
The Love Club,Lorde,2yrJ1jWo3HLksJFUqUsZE4
Tyler Durden,Madison Beer,4lkiVrmAYyPCtW3AFRs14e
DKLA,Troye Sivan,7G6tqGG8Z8Sv7OJ3u33VJd
On My Way,PRETTYMUCH,7H9YC7hkicuj0ASDn3Aati
Sour Diesel,ZAYN,4N6KSqFCkI0SMunnlMUJnF
Trust Issues,Olivia O'Brien,0AxuvWeoEODrAkPJQ5X0ls
Eyes Closed,Halsey,2WQn7Yvs728KZmmY6tgWqH
HeartLess,Madison Beer,2pLV5v5rgpMTmVvRcjmm8d
Delicate,Taylor Swift,6NFyWDv5CjfwuzoCkw47Xf
Look What You Made Me Do,Taylor Swift,1P17dC1amhFzptugyAO7Il
End Game,Taylor Swift,2x0WlnmfG39ZuDmstl9xfX
Ready For It?,Taylor Swift,2yLa0QULdQr0qAIvVwN6B5
I Don't Wanna Live Forever (Fifty Shades Darker) - From Fifty Shades Darker (Original Motion Picture Soundtrack),ZAYN,2y5aJvzXhHPA94U5GFAcXe
Gorgeous,Taylor Swift,1ZY1PqizIl78geGM4xWlEA
Shake It Off,Taylor Swift,5xTtaWoae3wi06K5WfVUUH
I Did Something Bad,Taylor Swift,4svZDCRz4cJoneBpjpx8DJ
Call It What You Want,Taylor Swift,1GwMQaZz6Au3QLDbjbMdme
Getaway Car,Taylor Swift,0VE4kBnHJUgtMf0dy6DRmW
Don't Blame Me,Taylor Swift,1R0a2iXumgCiFb7HEZ7gUE
So It Goes...,Taylor Swift,5PxFv9yJEg9dxvbZggykro
King Of My Heart,Taylor Swift,7HuBDWi18s4aJM8UFnNheH
Dancing With Our Hands Tied,Taylor Swift,7I7JbDv63ZJJsSi24DyJrz
Dress,Taylor Swift,6oVxXO5oQ4pTpO8RSnkzvv
This Is Why We Can't Have Nice Things,Taylor Swift,07NxDD1iKCHbAldceD7QLP
New Year's Day,Taylor Swift,7F5oktn5YOsR9eR5YsFtqb
Don't Blame Me,Taylor Swift,1R0a2iXumgCiFb7HEZ7gUE
So It Goes...,Taylor Swift,5PxFv9yJEg9dxvbZggykro
King Of My Heart,Taylor Swift,7HuBDWi18s4aJM8UFnNheH
Dancing With Our Hands Tied,Taylor Swift,7I7JbDv63ZJJsSi24DyJrz
Dress,Taylor Swift,6oVxXO5oQ4pTpO8RSnkzvv
This Is Why We Can't Have Nice Things,Taylor Swift,07NxDD1iKCHbAldceD7QLP
New Year's Day,Taylor Swift,7F5oktn5YOsR9eR5YsFtqb
Welcome To New York,Taylor Swift,6qnM0XXPZOINWA778uNqQ9
Blank Space,Taylor Swift,1p80LdxRV74UKvL8gnD7ky
Style,Taylor Swift,4lIxdJw6W3Fg4vUIYCB0S5
Out Of The Woods,Taylor Swift,5OndtwLGA9O6XHFcGm2H7r
All You Had To Do Was Stay,Taylor Swift,0dAb8TY433dl3ZfXYCLE19
I Wish You Would,Taylor Swift,3wmN11qXGL0HyPojvEE1D9
Bad Blood,Taylor Swift,273dCMFseLcVsoSWx59IoE
Wildest Dreams,Taylor Swift,59HjlYCeBsxdI0fcm3zglw
How You Get The Girl,Taylor Swift,4dYUOfmWna6DFccnz732n8
This Love,Taylor Swift,3oKMl2tJv4fdidkXUYMI5x
I Know Places,Taylor Swift,3jBMHD19RZdAqG9iFQh7xc
Clean,Taylor Swift,06WgOCf0LV2h4keYXDRnuh
Welcome To New York,Taylor Swift,33Kq0AT5rvwyE4azisG08x
Blank Space,Taylor Swift,2sC2P3BN0IXujNaaSyDmtP
Style,Taylor Swift,1fo2ctLqj3zBhRQKOXprol
Out Of The Woods,Taylor Swift,6Nde5KuTXyB7jlPO4upaBo
All You Had To Do Was Stay,Taylor Swift,0lmMtDQ2ElasKU2qDAE6NN
Shake It Off,Taylor Swift,3fthfkkvy9av3q3uAGVf7U
I Wish You Would,Taylor Swift,1B5VzXPqMlvRw0U4HJY3dJ
Bad Blood,Taylor Swift,0yN4fNzmVnmgC0dsOoi9Wh
Wildest Dreams,Taylor Swift,106R7Z57WYzBAfrXImV30y
How You Get The Girl,Taylor Swift,6wfugRLamFsTRbPcCpNnP7
This Love,Taylor Swift,1kTPQnabROVkW9bUXdCGrB
I Know Places,Taylor Swift,2zfgVd034GlUvk7LqBHl6u
Clean,Taylor Swift,4bXCcoesMt8u99xMsbLr9U
Wonderland,Taylor Swift,6iWMI5oOhWrDbLbjmwTWFq
You Are In Love,Taylor Swift,4A2LfnduSTsE8u0ecYROxE
New Romantics,Taylor Swift,6rZVy6FIG7lSJQMFXHo12z
I Know Places - Voice Memo,Taylor Swift,4JQm7ebhsrt10wmrP6AfXL
I Wish You Would - Voice Memo,Taylor Swift,4TtyvyI42C0KFnbDZvNC8Y
Blank Space - Voice Memo,Taylor Swift,0yisH8r0f3Mkq34kjzUlCV
State Of Grace,Taylor Swift,5zyCYmiaVE5y26EZuwZbsw
Red,Taylor Swift,1RvQQGwaPipiNgz8RXAKA8
Treacherous,Taylor Swift,0XfOV7qY3834QpFVwOb6CC
I Knew You Were Trouble.,Taylor Swift,0ciHz919LVKoH4zgxyMPZ9
All Too Well,Taylor Swift,1q3RiD1tIWUpGsNFADMlvl
I Almost Do,Taylor Swift,31pEV5lPJi7btskZoUr2yu
We Are Never Ever Getting Back Together,Taylor Swift,1OYARuagDrpgNNQ4loO1Cs
Stay Stay Stay,Taylor Swift,1x0J8LFX23d5h1zzuzZorc
The Last Time,Taylor Swift,7vvIpJZye5cRR6De1LKM0m
Holy Ground,Taylor Swift,5d2Kn9oAAh9S2EbyCo1i52
Sad Beautiful Tragic,Taylor Swift,5QKhg4r4Ibt0LVTmWEXTEg
The Lucky One,Taylor Swift,2wtHlpYSgC7xEdD3DrSHNL
Everything Has Changed,Taylor Swift,7gdwoOmi258QJq0hmQ4hto
Starlight,Taylor Swift,0vqI4ZIMuifeKeItGiWbPj
Begin Again,Taylor Swift,48A0aShHlovDfTMucMrE66
The Moment I Knew,Taylor Swift,5AsmAjBSSQjRPWgAYIp8tm
Come Back...Be Here,Taylor Swift,4qyalTRMRH5YuEntvvMvq0
Girl At Home,Taylor Swift,6cf6rLb8qcklvJv90W6HCW
Treacherous - Original Demo Recording,Taylor Swift,7BT9K9BDqq6HI2oWH5UMZQ
Red - Original Demo Recording,Taylor Swift,4mqgn90sCeVSYqcoftTQTd
State Of Grace - Acoustic Version,Taylor Swift,5G9AVKld9q7DCrmoY42raf
Mine,Taylor Swift,6LZaxlycSWrJZ4Volb25qx
Sparks Fly,Taylor Swift,1q8E1FfFuhd12c5JcJwPxQ
Back To December,Taylor Swift,7lxADouiWFkwR7ZV2GKUcH
Speak Now,Taylor Swift,1nYWTzy5zu3zEPNgB1sItW
Dear John,Taylor Swift,1ubvV5ECkm6nSI6g1HmbBK
Mean,Taylor Swift,4N60XfcTE1ysLZGbYgnYXq
The Story Of Us,Taylor Swift,19tHCfzUSoy5HkpxcmbA0A
Never Grow Up,Taylor Swift,74WBGgUnpKrJXt6TETfR6Z
Enchanted,Taylor Swift,14LtANuaslKWyYbktUrHBU
Better Than Revenge,Taylor Swift,1By2VQkUN0Frd8mKNV5NYC
Innocent,Taylor Swift,3kfgJql90tzgoxByioAMXR
Haunted,Taylor Swift,11UaQaEp2LvdspTyyuE3ur
Last Kiss,Taylor Swift,1D27z8xNzjW0Mwwt1NCWhJ
Long Live,Taylor Swift,7DjCRhhFo9PPzca1BjMLcf
Ours,Taylor Swift,1EQn3Uc5AyUXoiPLeyCrrg
If This Was A Movie,Taylor Swift,0vvt4IZOMkRug195S4MUq0
Superman,Taylor Swift,2R7C9dDqv1UPycvepBFziA
Back To December - Acoustic Version,Taylor Swift,6IH2Z54gYPLqgJtxZjX80i
Haunted - Acoustic Version,Taylor Swift,62rlxI6g2PNaWsHoiRryto
Mine - POP Mix,Taylor Swift,0fAbfDiuQiUwV7FUcFfRGY
Dark Horse,Katy Perry,5jrdCoLpJSvHHorevXBATy
Swish Swish,Katy Perry,3OtMnyUaiipcAT23A8liyi
Last Friday Night (T.G.I.F.),Katy Perry,3avYqdwHKEq8beXbeWCKqJ
Roar,Katy Perry,6F5c58TMEs1byxUstkzVeM
Chained To The Rhythm,Katy Perry,7qvxFz3JodM0A7xEM7k3YD
Firework,Katy Perry,4r6eNCsrZnQWJzzvFh4nlg
Unconditionally,Katy Perry,4fwbGKNExPtPHbor1TBSY4
California Gurls,Katy Perry,6KOEK6SeCEZOQkLj5M1PxH
I Kissed A Girl,Katy Perry,14iN3o8ptQ8cFVZTEmyQRV
Part Of Me,Katy Perry,55yBnJLjMU3ptuY77LM4yc
Witness,Katy Perry,6EzuVdWmzgOBmqHpzbbzfQ
Hey Hey Hey,Katy Perry,3tqwKg0W8XfYORNrP4aIhu
Roulette,Katy Perry,2rk4s5NBhtHhhJIfjoaWES
Deja Vu,Katy Perry,60XMmxciP1qewvkcD16qKQ
Power,Katy Perry,6Bat8YJaSEVzWwYFHqgqep
Mind Maze,Katy Perry,6W20KhhJcEhRh71l5hQq8C
Miss You More,Katy Perry,7BZSIG9TyowrVzSdZJpmeI
Tsunami,Katy Perry,0frWUvNyEqlfy1WAxBAFbb
Bon appetit,Katy Perry,4rHmKlFRiFzabiVO6e9w2e
Bigger Than Me,Katy Perry,10jcBOZo0OwQVLPxp7bwB6
Save As Draft,Katy Perry,732x2Fy6jbt7qC70Zg463q
Pendulum,Katy Perry,6Pp0cu0y4lOyRd04L3e9lS
Into Me You See,Katy Perry,784C7m9r88GPKe2yOAzGYJ
Dance With The Devil,Katy Perry,5CYXQ9WzVTUbyOYiSKwRFG
Act My Age,Katy Perry,6HtHyWKAzwFwrSnnTunDMl
Roar,Katy Perry,27tNWlhdAryQY04Gb2ZhUI
Legendary Lovers,Katy Perry,0pOZYYEJawmTAPtkzYKSa2
Birthday,Katy Perry,1NOZvdCovG42qQV7ftVD5d
Walking On Air,Katy Perry,6eQbRfp5DxLSOL5pGozYf1
Unconditionally,Katy Perry,009ImBOrIUlWgla8U05RAC
Dark Horse,Katy Perry,4jbmgIyjGoXjY01XxatOx6
This Is How We Do,Katy Perry,7GCElX2eJA5t0AFWw3WzKn
International Smile,Katy Perry,6q2jvC1htmreAOxJwRtnUD
Ghost,Katy Perry,2Vl6VlxpDQk99QU7TfQGjO
Love Me,Katy Perry,2lrMNui7pK7P7KDWrp86Ru
This Moment,Katy Perry,5Fm0hRkJ9kHQmO3ziYl1Sa
Double Rainbow,Katy Perry,7B8TA3WaoMiKZ3wfnF7PgN
By The Grace Of God,Katy Perry,1i0Rv7GtiCnnhpEkNAya80
Legendary Lovers,Katy Perry,5Uc37Y6FijZcM538PqqkWd
Birthday,Katy Perry,2xLOMHjkOK8nzxJ4r6yOKR
Walking On Air,Katy Perry,0RCsGhR44nFVAd5WiZZcGq
This Is How We Do,Katy Perry,5vL0yvddknhGj7IrBc6UTj
International Smile,Katy Perry,5OzIe9IL95B23n4rN59JZ3
Ghost,Katy Perry,665T5MrQUl7sSwivPm7pEW
Love Me,Katy Perry,2BSFAQuiYKu4VcMjovRgRQ
This Moment,Katy Perry,0NfwNHAyi4s9HVes4JkaXA
Double Rainbow,Katy Perry,2ve1HouBhfDbqROVQm2IBd
By The Grace Of God,Katy Perry,2IRK3qdY6BzbKxKr8eBk8o
Spiritual,Katy Perry,6lOS1dPkjHlAzRCMplJupN
It Takes Two,Katy Perry,4MxGfhE3DKxBhdSWTYvc4h
Choose Your Battles,Katy Perry,3rHUpjfq9JjrfaTsEAmQBC
Teenage Dream,Katy Perry,505RNoT3zG9aLiDS35Ppoa
Last Friday Night (T.G.I.F.),Katy Perry,33jal8iaZYwJrCDe1ewLUS
California Gurls,Katy Perry,0AN7sdEeIZtwid0eUagLpy
Firework,Katy Perry,2Fx35TaNaagJuV7FIT9MPk
Peacock,Katy Perry,0tGHCDPIHwdu8M35Ex3SYW
Circle The Drain,Katy Perry,3GECvIAA7p81Qf3zumQ1iK
The One That Got Away,Katy Perry,3B52fk7veD0kiyGLWhvPHn
E.T.,Katy Perry,4O0fiTZKqOwzb8FHlu48aa
Who Am I Living For?,Katy Perry,2QKcXfF4odGVly9eYZIdlT
Pearl,Katy Perry,3et0ZOFL0Cf3SX7532jmlH
Hummingbird Heartbeat,Katy Perry,1tRAq1gwLNiLuBgdyPyJHg
Not Like The Movies,Katy Perry,657FJlKDU8JGrWh0xcrQ2Q
If We Ever Meet Again - feat. ,Timbaland,6pSk69jFWL7Db5I3LudAo0
Starstrukk - feat. Katy Perry,3OH!3,22SAdSeTUfCy8oppPWwiYr
California Gurls - Passion Pit Main Mix,Katy Perry,4sCm1WfMwCtEU0m7xAXgZK
California Gurls - Armand Van Helden Remix,Katy Perry,5xGmA420hUY62DNe6MCAZG
Teenage Dream - Kaskade Club Remix,Katy Perry,1L0aE4zfDqu03MzSXaFadI
Peacock,Katy Perry,2YuICP9WcCGJVaOjY4Sz9w
Hollywood,Jonas Brothers,4NOvRieXgTL0Mi1RaDXpYq
Stockholm Syndrome,One Direction,6AzCBeiDuUXGXjznBufswB
Waste The Night,5 Seconds of Summer,0375PEO6HIwCHx5Y2sowQm
The Math,Hilary Duff,4SxkMFhTiRBkozuNfJVUon
Why,Shawn Mendes,1KXFoiT2n4QXRsFvhWNI4I
DRuNk,ZAYN,0TC3wZupelwzKhuueGSGZu
Rooting for My Baby,Miley Cyrus,1qfAWRJXPBq45Z52a8heKp
Long Way Down,One Direction,2UFOh8iMQ2DON7sl3lqGJH
Shelf,Jonas Brothers,1FHTnkpr44qUofocvZllAY
Before the Worst,The Script,7eD2qAkE1EAs9poZhpVD6o
Right Now,One Direction,1dQQ2QlnvXUehsRUrukKmf
Ghost Of You,5 Seconds of Summer,1MhXdlCQPnO56T57MfmaRm
Story of My Life,One Direction,4nVBt6MZDDP6tRVdQTgxJg
Drag Me Down,One Direction,2K87XMYnUMqLcX3zvtAF4G
Little Things,One Direction,7kSLdGdXLey7pzLsWpdg1h
Night Changes,One Direction,5O2P9iiztwhomNh8xkR9lJ
History,One Direction,0HMjXBAZmSYOTTi33WpMso
They Don't Know About Us,One Direction,72C7aUQECOhNtnD0AC36ua
You & I,One Direction,2afCBiru10AFckfOa49wIa
Perfect,One Direction,3NLnwwAQbbFKcEcV8hDItk
Best Song Ever,One Direction,5T7ZFtCcOgkpjxcuaeZbw0
Steal My Girl,One Direction,2Bs4jQEGMycglOfWPBqrVG
Hey Angel,One Direction,4fLTtg48X0QtKrj0Jv8I3v
Infinity,One Direction,6N5xh0tYYLTQRiCCaNbAUt
End of the Day,One Direction,5AezhHjX3R1bmxcAEgrFpS
If I Could Fly,One Direction,5CRVwXGikmqzoRO6q7FeAg
Never Enough,One Direction,7rdP71W8x4UbJ0KAKBACbo
Olivia,One Direction,5dONhl6aXFuN86UBdayF6W
What a Feeling,One Direction,0iSWAT0EL8TwmzcgBjKMh6
Love You Goodbye,One Direction,1ZWLWVqeEMWMKTlteS0yLH
I Want to Write You a Song,One Direction,608R6FvRtAqf2dvgKMzebP
Temporary Fix,One Direction,2Xcvt8NRLw0xbB3ClfW8MI
Walking in the Wind,One Direction,1ZycJRpLOazlLcoFGxGROO
Wolves,One Direction,4hJfmMjy3wFIOknfYwhouY
A.M.,One Direction,5omYVLodGmaxnhua99xIE8
Ready to Run,One Direction,7GtGeeChOx4NS77bqK8SUx
Where Do Broken Hearts Go,One Direction,6HFywc5eQYRRYHYTatCb5Y
Girl Almighty,One Direction,5UgsZiYk1lkEobuPHmRtWm
Fool's Gold,One Direction,0L5gFNrzHyh4OhMwEz6DGS
No Control,One Direction,4JaLkM90MJutDAl5jD9BZX
Fireproof,One Direction,34aYkYrY3sXhEU9O4VQgtB
Spaces,One Direction,4lrC9aBnzlG9U5DDoHMnyt
Clouds,One Direction,6ibWCCEne6WEqDBAv7BeXv
Change Your Ticket,One Direction,2skzofTV9Ys3eN70pghEHL
Illusion,One Direction,23xx852ectQgmp1G78zSpd
Once in a Lifetime,One Direction,1dD1aarWotVIiFo5gGdMc2
Act My Age,One Direction,4bqIFmnVAsndYWuXxAwQet
Diana,One Direction,6twW4ma6w0mOeejejPK0nY
Midnight Memories,One Direction,5wjmqUGN7vrAqFqDWrywlZ
Don't Forget Where You Belong,One Direction,3yhVmOZSpZqnhRrEiYI0EJ
Strong,One Direction,3cKM7UXBZmgjEgEBTkaIlU
Happily,One Direction,5Lf9rCqReE9Ri4tZvLRLuy
Little Black Dress,One Direction,4lxaurdMyGkt1tOrdwRoVO
Through the Dark,One Direction,1a0PcmEJAOEp4ZT3YtSLkM
Something Great,One Direction,2Jfsw01CDT5XetSFROs9v5
Little White Lies,One Direction,0O6VeBiFCwHrpVURJSsGsU
Better Than Words,One Direction,4qG3Um3jXlQnaQV1yVo3it
Why Don't We Go There,One Direction,2pFEbA6GdNxBOMn9Egvowm
Does He Know?,One Direction,3aGJClg6klBoSa0UZnXeMM
Alive,One Direction,31tjImR06JCJswXViIvFuk
Half a Heart,One Direction,6nIE1oCE4udqMGv3bqVNVb
Live While We're Young,One Direction,6aGjEZ7kq3YXgD0EDt80O5
Kiss You,One Direction,0AkQbXGN4KG34TS7xLrM68
C'mon,One Direction,65QVpgBIutEZlpDCi6AH2F
Last First Kiss,One Direction,4RpsltwxERLiq6AXU39Dhx
Heart Attack,One Direction,5zsYl9Nl4kQmPSjwscVASJ
Rock Me,One Direction,7MbII8jWqFiTFYU3MPYEfW
Change My Mind,One Direction,6ugHtf3IModjYQ7dHDuEhO
I Would,One Direction,0SPGL2j5OrG1L7YvP6tT6X
Over Again,One Direction,4RC5YmcpCbRsX3AtRzoQeh
Back For You,One Direction,3kSE08EYzWQSAf6o1v2U4V
Summer Love,One Direction,2LjmbI7LJt0RDg612cBi7U
She's Not Afraid,One Direction,6HvGBgyevPFMrU3KPSHeRV
Loved You First,One Direction,7g4mokbwKr5KXe4QK5YxLg
Nobody Compares,One Direction,4k4qvQSDrWHeKGtAPbJPYL
Still The One,One Direction,1UAXlOxY1NXiJpP2sEK102
What Makes You Beautiful,One Direction,03oZejWqXLbKhhM4iTgShq
Gotta Be You,One Direction,3UT493iwo6kvyL18zvAJE5
One Thing,One Direction,6tKW2g2So84pCTZXE0Furx
More Than This,One Direction,7pWzcvjSSXlGS0Cn790Nb7
Up All Night,One Direction,0UiPtG3O5NxIHDp8uy9jgM
I Wish,One Direction,2nKO2ZU9DpUBUKrjTHk2jV
Tell Me a Lie,One Direction,5ol6DEWpysoqvPlvq13q8n
Taken,One Direction,3F6mrGxmwnMJsevsSK86YC
I Want,One Direction,57YTtS0ryAWywzvCaMd5fL
Everything About You,One Direction,0eEAEX0VEC68pXQ1PeNzKX
Same Mistakes,One Direction,7qClUST3mATKunhOWXvs15
Save You Tonight,One Direction,3fg1UERgNjYfHETakq27Hs
Stole My Heart,One Direction,3Fld33fuWTUUmVx9BEkyDx
Stand Up,One Direction,0GD0y1mFuOOnFFoHnImoMM
Moments,One Direction,3yAmqW5F28duOyV60VtIgN
Bucket,Carly Rae Jepsen,6TeyYcogOXUcLoTNLCafXb
Tug Of War,Carly Rae Jepsen,3vmrjbeOFfDFqGmBKie5Dz
Money and The Ego,Carly Rae Jepsen,60YxOoRjmZ7286VqrJubnP
Tell Me,Carly Rae Jepsen,6nIGq6LQkfdoRV9EnLGze5
Heavy Lifting,Carly Rae Jepsen,0FQkl2Gc7xfunY2WmSgPEW
Sunshine On My Shoulders,Carly Rae Jepsen,4yyu8yNo9WcLkN7czPGrE7
Worldly Matters,Carly Rae Jepsen,54HFQNTSPSiqV7Hc4Q4oGJ
Sweet Talker,Carly Rae Jepsen,40fPDViOuZUdQzuSZjnR9R
Hotel Shampoos,Carly Rae Jepsen,79t5VAsTr079yXfMYXxuCI
Sour Candy,Carly Rae Jepsen,3kZUXRHM7uuC3zKVcgRxqt
Call Me Maybe,Carly Rae Jepsen,3TGRqZ0a2l1LRblBkJoaDx
Good Time,Owl City,1kPpge9JDLpcj15qgrPbYX
Cut To The Feeling,Carly Rae Jepsen,6EJiVf7U0p1BBfs0qqeb1f
I Really Like You,Carly Rae Jepsen,0PGLRTN0X6DrXh645WJCIY
Run Away With Me,Carly Rae Jepsen,5e0vgBWfwToyphURwynSXa
Everywhere You Look (The Fuller House Theme),Carly Rae Jepsen,189HvfTbCGUtpKdVNnRHHd
Gimmie Love,Carly Rae Jepsen,24Kh0nzBsFEenB80Ud1wSN
Your Type,Carly Rae Jepsen,6X9bzNEsiGl82OkEs0xR6X
Emotion,Carly Rae Jepsen,6f8dVDn1vWbWIfUouv9iJp
Fever,Carly Rae Jepsen,3pIYV8ajPqkgTABRR54rWP
All That,Carly Rae Jepsen,0QMsrBaCitIzDf99WGpock
Boy Problems,Carly Rae Jepsen,2YalDCU0tWxJfNdFPor3Rh
Making The Most Of The Night,Carly Rae Jepsen,13zEyjK3DZm0YtZObaaS1O
Let's Get Lost,Carly Rae Jepsen,6dAj7di0SClcosyapzeH9r
LA Hallucinations,Carly Rae Jepsen,2GhDJBQUsvU8YxNrV4KQfS
Warm Blood,Carly Rae Jepsen,37iFlmC2ZbLcRtyZYPLSYA
When I Needed You,Carly Rae Jepsen,3dDTVzIF6s7EyU6NoviFwD
Black Heart,Carly Rae Jepsen,6PDPy2HspcDoiSAxRSmhug
I Didn't Just Come Here To Dance,Carly Rae Jepsen,5PJKbLCiIkQgir60Sd8DQ5
Favourite Colour,Carly Rae Jepsen,6EvmFI1bV10Rtank7f1uQW
Tiny Little Bows,Carly Rae Jepsen,7GZh8jsIqDIVat6dY45uGw
This Kiss,Carly Rae Jepsen,7cWLl1E5iMvqIVhpmtUp6k
Curiosity,Carly Rae Jepsen,2xrK7AOAWok7NY4WuqeApq
Good Time,Owl City,0uKNrHYRdAj6hYHxCcoHOY
More Than A Memory,Carly Rae Jepsen,61U2J5A1KkXsANbGk45S4l
Turn Me Up,Carly Rae Jepsen,0i6MFSVoW9FRPwEau74Wrq
Hurt So Good,Carly Rae Jepsen,32jA6AzPzPMwylNbcsvziH
Beautiful,Carly Rae Jepsen,52PiyZoav11ZSAoHPqSlzh
Tonight I'm Getting Over You,Carly Rae Jepsen,471JtpRQ0oox9OoZcbB8OO
Guitar String / Wedding Ring,Carly Rae Jepsen,0bI75qIwDBeIxq24tc4uKr
Your Heart Is A Muscle,Carly Rae Jepsen,5vNNVAMOXUz5FHSrRBwMtB
Drive,Carly Rae Jepsen,1sRrKvAUUwYLsnbElJzebJ
Wrong Feels So Right,Carly Rae Jepsen,5N0Vha4URj2rvmOrxFICnD
Sweetie,Carly Rae Jepsen,2uxnPcTJa2UExlj1LwYZp6
Solo (feat. Demi Lovato),Clean Bandit,6kPJZM97LwdG9QIsT7khp6
Echame La Culpa,Luis Fonsi,2hl6q70unbviGo3g1R7uFx
Sober,Demi Lovato,0STK94RxUulYqWzwFlyAb5
Sorry Not Sorry,Demi Lovato,3Du2K5dLzmduCNp6uwuaL0
Tell Me You Love Me,Demi Lovato,3hYvGiw2Q8QE2YWdIJLBz0
Stone Cold,Demi Lovato,56twMOlq9DJc3EgpVUVIrW
Heart Attack,Demi Lovato,1V6gIisPpYqgFeWbMLI0bA
Confident,Demi Lovato,0Mn3amMRMoabaoTf1Publ4
Cool for the Summer,Demi Lovato,2zFF6jG5hQArbzcXz3KUWk
Solo (feat. Demi Lovato) - Wideboys Remix,Clean Bandit,2CqnpBHeQGfgj8FDB7zuTv
Sorry Not Sorry,Demi Lovato,7gvd8xj4QgPqbQSsn5pV7d
Tell Me You Love Me,Demi Lovato,1MKZaAEx8RrzoQjHhVuvgs
Sexy Dirty Love,Demi Lovato,3r6WBXYZ3pmKgFPj7Thccf
You Don't Do It For Me Anymore,Demi Lovato,5mjXwbpi0NDeMqmNDoT0pP
Daddy Issues,Demi Lovato,5Xsf1A7emb1yAGwelFJPK8
Ruin The Friendship,Demi Lovato,3AI9cvz2LylxfUgXt8AA4Z
Only Forever,Demi Lovato,6npOuCILPegnMTScQ0ozPS
Lonely,Demi Lovato,76gBfQV9hatGS0xRfisKyl
Cry Baby,Demi Lovato,4djdEjxmqsC8wpsPdr6Zgn
Games,Demi Lovato,1VTMe6xdMOHEGF1lyFNYXs
Concentrate,Demi Lovato,0vS15YlpAJVmj52ulOCs1C
Hitchhiker,Demi Lovato,0dAlIRH0pMeIKtlDUqpEw1
Instruction,Jax Jones,7tAqJLfHwLyyaYHbqeqBQ1
Sorry Not Sorry - Acoustic,Demi Lovato,7aw8KwSxneW6JQxCrOCag8
No Promises - Acoustic,Cheat Codes,1LKxHaLu3RG4xWO0DXZ8OU
Old Ways,Demi Lovato,04rwqfKY7FdydxMPoq0DyQ
For You,Demi Lovato,5sBVSUJO1bbS2DeHiXpSNy
Kingdom Come,Demi Lovato,6nyQdoORe3yeZoIVAIdhWY
Waitin for You,Demi Lovato,3eI8cc84l1jj8sunkMEJhK
Wildfire,Demi Lovato,7Av1FZIoT4N1okN5nuk12u
Lionheart,Demi Lovato,1Mr9qXTyndSkdDKu9nc37N
Yes,Demi Lovato,2trVwTWKRcXahrwnbMbVkc
Father,Demi Lovato,19FIvvbnJLW4RY3fiIHPNE
Stars,Demi Lovato,4zj5PQ9sDzqmgWL4qr1eHy
Mr. Hughes,Demi Lovato,3Q7IY8WCf7piDpKEDmDWds
Cool for the Summer - Jump Smokers Remix,Demi Lovato,09OfXd0oRxoMt5x9tBjElW
Cool for the Summer - Suraci Remix,Demi Lovato,2uar80JITpYvQ7frp38odk
Made In The USA,Demi Lovato,6SjCa7LhEpPNiCxe3bLln4
Without The Love,Demi Lovato,4YD5RuRjByJ6Sz0srp5Aii
Neon Lights,Demi Lovato,34MJ07N9Bhu6iKPaxSVnCT
Two Pieces,Demi Lovato,0mOKvnM3wPrcWS3f0uuy7i
Nightingale,Demi Lovato,2eLxEzMVfiQih0cJIWIowm
In Case,Demi Lovato,5Q0LOi7lmEVjpSp0nNGwX6
Really Don't Care,Demi Lovato,5vTPxzm4h2bY9rYyVrGEU5
Fire Starter,Demi Lovato,04A8bbdUo0wkesKOWSMztk
Something That We're Not,Demi Lovato,676qIjFkW8OObIj54TJtKI
Never Been Hurt,Demi Lovato,5oguZn7u3CzsdBKxdyFMFp
Shouldn't Come Back,Demi Lovato,66kzJdweZ2RWifFacrjyiE
Warrior,Demi Lovato,7nCBOm2WiTUPAx3TeG2rZA
Back To You - From 13 Reasons Why - Season 2 Soundtrack,Selena Gomez,4hQ6UGyWQIGJmHSo0J88JW
Wolves,Selena Gomez,0tBbt8CrmxbjRP0pueQkyU
It Ain't Me (with Selena Gomez),Kygo,12GEpg2XOPyqk03JZEZnJs
Bad Liar,Selena Gomez,2fZQIJew3nkNe99s2PKzul
Fetish (feat. Gucci Mane),Selena Gomez,4lnAN2S1fcI0SjxEbksZVr
Kill Em With Kindness,Selena Gomez,1QNoKVgA758HFLu3TW2q7R
The Heart Wants What It Wants,Selena Gomez,2dRvMEW4EwySxRUtEamSfG
Hands To Myself,Selena Gomez,1LoriJC05IrHIDwj3q0KC1
Same Old Love,Selena Gomez,1BZG99C7Co1r6QUC3zaS59
It Ain't Me (with Selena Gomez) - Tiesto's AFTR:HRS Remix,Kygo,2jRGYG8U5bJzWOH6FLuzvO
Revival,Selena Gomez,4xHtqR41LGmHHUsOFqJZwS
Kill Em With Kindness,Selena Gomez,0jnSjyof5ZrQCBsashHnma
Hands To Myself,Selena Gomez,7jGpa7ynADyaSmcprXgO7I
Same Old Love,Selena Gomez,6itUc9sOq5is39AaPX5D6R
Sober,Selena Gomez,3MJYHwhJIA99vVSjBtg16j
Good For You,Selena Gomez,1MfRXRUJsQK40GjFV0Sm0t
Camouflage,Selena Gomez,6B9bgML1RCTwVEeaLvMIu4
Me & The Rhythm,Selena Gomez,1WoEJfK8R4vcVOi3pLDx0H
Survivors,Selena Gomez,7t8229E3fBwp12ZpqK2BgJ
Body Heat,Selena Gomez,4Hin3OHk7LQet8DCOD2UZ3
Rise,Selena Gomez,5DkPTGTwl8hXuvreetQAmf
Revival,Selena Gomez,7oIGPzZ1TGlFbdG4nDI3uo
Sober,Selena Gomez,3viZcRlE38APncWJ5VGM4q
Good For You,Selena Gomez,578Eooad7oUyn4stovZiPg
Camouflage,Selena Gomez,7jO0qPIBVGOmqxpCthE8H3
Me & The Rhythm,Selena Gomez,7fBUnDgtSvYpYWuX4iAfns
Survivors,Selena Gomez,6mEFvpqnzElavdz3gfP2XT
Body Heat,Selena Gomez,5VQ0SPGs7vdzQCIzsHTNUz
Rise,Selena Gomez,3IMXLQk09YmvNb2tdT4aWk
Me & My Girls,Selena Gomez,4ulNKUFHijHiPD2rtrSNOC
Nobody,Selena Gomez,1JvGjHoDwbekZ9lNVzH0GH
Perfect,Selena Gomez,0z8u1VqXUYPBMIoF91JIWE
Come & Get It,Selena Gomez,65O3DcTxPfARKT7SOWKRpN
Love You Like A Love Song,Selena Gomez & The Scene,7lAoovVf67mECK18oOpJbc
Tell Me Something I Don't Know,Selena Gomez & The Scene,0AbLBnxjPyqmBMW2slYukj
Who Says,Selena Gomez & The Scene,6dn9ndETOjczUSQO5UhKJa
My Dilemma 2.0,Selena Gomez & The Scene,5RdMiRPAp2cZfeZiNLG7Go
Round & Round,Selena Gomez & The Scene,1Tfix64VDRzgF4jLApxgsy
Forget Forever - STFAN Remix,Selena Gomez,5wDIcdOwg3KBVkXukHYyrm
Slow Down,Selena Gomez,7E9XQbKJbkFwcGwjSF9Qlk
A Year Without Rain - Dave Aude Radio Remix,Selena Gomez & The Scene,75aZC9ByFQk5NvaPiS61mI
Naturally - Dave Aude Radio Remix,Selena Gomez & The Scene,6ZaoNrNpBJnzOABF9yXQTI
Mas - More/Spanish Version,Selena Gomez & The Scene,3HNYqcQPDprux19qyyE7OE
Bidi Bidi Bom Bom,Selena Gomez,7brHejB8gAkS3nUNyvllWp
Falling Down,Selena Gomez & The Scene,11RZaBVfanDMdBXOQP6VAr
Do It,Selena Gomez,4YsmNHIWl2rPbHHRx9Njiz
Birthday,Selena Gomez,0St46yxt2PAbsgprNGXuFL
Slow Down,Selena Gomez,5AQms3NOfoJ8Ply9b0JXdz
Stars Dance,Selena Gomez,562wdtzQLyEOtxh7Nr55nD
Like A Champion,Selena Gomez,7khm4dBW31zG4olHoz9yzA
Come & Get It,Selena Gomez,0BL93OKXKb5t60PANgfMtw
Forget Forever,Selena Gomez,0aaFTB0McxMcMrwXQ3t47x
Save The Day,Selena Gomez,7CSxgqX7uhce1UirnaAP3a
B.E.A.T.,Selena Gomez,0HTxhnPoK8u12cmXMY5qWb
Write Your Name,Selena Gomez,3ldgGbA0yLjaIyAOUVmLbs
Undercover,Selena Gomez,3Hjk0ZojD0Xov5BWE4R8GZ
Love Will Remember,Selena Gomez,2GecDJkXHAq8dRT4Fo8Pi7
Nobody Does It Like You,Selena Gomez,1PiIsJf8h6hLulccHI58XN
Music Feels Better,Selena Gomez,18EAWEI1xHNhRN0Mxg77yY
Come & Get It - Cosmic Dawn Club Remix,Selena Gomez,0ZRewSNaIuZn0w5z3MsJBQ
Malibu,Miley Cyrus,1UZOjK1BwmwWU14Erba9CZ
We Can't Stop,Miley Cyrus,2y4lAQpi5VTNLu2ldeTdUH
Party In The U.S.A.,Miley Cyrus,5Q0Nhxo0l2bP3pNjpGJwV1
Wrecking Ball,Miley Cyrus,2vwlzO0Qp8kfEtzTsCXfyE
The Climb,Miley Cyrus,0V8FYVlBFuXXTIvRnMbZyS
Adore You,Miley Cyrus,5AnCLGg35ziFOloEnXK4uu
Younger Now,Miley Cyrus,2fGxYYMQbVqgIdaqfz2OwA
When I Look At You,Miley Cyrus,7ywzEdEuVG1lsjsRCGJfLy
FU,Miley Cyrus,6dDIOU6AqgLkrjFNPgvKY6
Malibu - Tiesto Remix,Miley Cyrus,7FKcbKrAi4uiXosKMNTjQI
Rainbowland,Miley Cyrus,6fdVBAXMxv5vAABQCpOtI5
Week Without You,Miley Cyrus,07G5C1wAil4Mp1qjbd3eTR
Miss You So Much,Miley Cyrus,4ttUYy7HMYQ0nhfllLJNPR
I Would Die For You,Miley Cyrus,39vly7Z4VLImfggnEDEUzf
Thinkin',Miley Cyrus,742YV8T9ZyczCNdrTIAhaw
Bad Mood,Miley Cyrus,6x6cpNDnIpqtaNcXIcGkUs
Love Someone,Miley Cyrus,7llPsildzxzgt6odtSaScQ
She's Not Him,Miley Cyrus,6aP62822amG9iAvSIPffBr
Inspired,Miley Cyrus,4OMAJ5nXjSH5PY30lalIhC
SMS (Bangerz),Miley Cyrus,0mRWl4amZn1FtRx2cE5jf3
My Darlin',Miley Cyrus,7hJ1fEr1nf2e4qsE4bfmcc
Love Money Party,Miley Cyrus,1pzSeZfdQODtB9xmkH0Q91
GETITRIGHT,Miley Cyrus,1u6GCyU5atrzrAqwC55og1
Drive,Miley Cyrus,6aVeSCobcOjIkMFARN9B7l
Do My Thang,Miley Cyrus,6n2GPvMJtFZ4ckoc9EWHMx
Maybe You're Right,Miley Cyrus,4nBHndk4Hru2sgGH30GCgu
Someone Else,Miley Cyrus,0vRFKF7dGdL5XxZMXzpCpF
On My Own,Miley Cyrus,68zC6NEny9EG3OuE6npJcr
Hands in the Air,Miley Cyrus,2YlQCqBj6FJsrQmc8K2CGa
Like I'm Gonna Lose You,Meghan Trainor,2YlZnw2ikdb837oKMKjBkW
NO EXCUSES,Meghan Trainor,7fCNUWi6uflDTQ08srxMZk
Me Too,Meghan Trainor,3KwwE4sgCzMaKWq6QBebmX
LET YOU BE RIGHT,Meghan Trainor,28nrOocj11pS0UVH2VM6b5
NO,Meghan Trainor,0l0CvurVUrr2w3Jj1hOVFc
Dear Future Husband,Meghan Trainor,3cU2wBxuV6nFiuf6PJZNlC
Better When I'm Dancin',Meghan Trainor,5k5fWendNngd89O8JKoE8L
All About That Bass,Meghan Trainor,5jE48hhRu8E6zBDPRSkEq7
Lips Are Movin,Meghan Trainor,6gj08XDlv9Duc2fPOxUmVD
ALL THE WAYS,Meghan Trainor,2BNQpd87nSv475zdww9K0Z
Watch Me Do,Meghan Trainor,7Jw7oOzXLYtSKCA8eqNxKK
Better,Meghan Trainor,6b8uJshhCxmASNCjg5hLJo
Hopeless Romantic,Meghan Trainor,0wb0X7n3cAKeajIOguyd9t
I Love Me,Meghan Trainor,1wIDxpXCRnHmQJOvSsVIP1
Kindly Calm Me Down,Meghan Trainor,3rsOJ5Nbmr7pWxY1p6ZDxk
Woman Up,Meghan Trainor,2bUWLYU3s6sbQqlo7075Og
Just a Friend to You,Meghan Trainor,2f4FDuRjuV1yXfpoG49ABM
I Won't Let You Down,Meghan Trainor,32jNxnHEdW0R152i2MFLIC
Dance Like Yo Daddy,Meghan Trainor,6nIMEvZUmWXKp008VsZKDL
Champagne Problems,Meghan Trainor,3GITyRCiTn1dlQfmKXVeQ0
Mom,Meghan Trainor,3PYZWh5KZ6VlXHDlwDVJUt
Friends,Meghan Trainor,4wiMHrvVktJvSmNeCPw5RS
Thank You,Meghan Trainor,2wlg0KPxVfupjkhC2z14zo
Goosebumps,Meghan Trainor,0Kd3Ih8VZgaetIqke9SIND
Throwback Love,Meghan Trainor,3xTHJOM0ZxiEaCjpTfjeF0
The Best Part (Interlude),Meghan Trainor,6uFZbboK1A4h4jNc87AaOl
Close Your Eyes,Meghan Trainor,2e1N4FhuB08W4iKmYpEftE
Bang Dem Sticks,Meghan Trainor,1aSjgqYklzgdzOXSXLrWSn
Walkashame,Meghan Trainor,0Jrzzjj0pVzS6xl4wonUNh
Title,Meghan Trainor,0k5hoseEJnCAbpRh38dNoI
What If I,Meghan Trainor,2Xd6Dy0x0MkfcGQ7Sqdkqi
No Good For You,Meghan Trainor,5lOK3NCvbvgK6cohyTTQ4Z
Mr. Almost,Meghan Trainor,17dtO7OkVT3fpzGAaghHH5
My Selfish Heart,Meghan Trainor,3nomMSRbIRpAfIZLf3jOqS
Credit,Meghan Trainor,63dFd2UgXD8l2buNGEtKRs
No Brainer,DJ Khaled,5WvAo7DNuPRmk4APhdPzi8
Love Yourself,Justin Bieber,50kpGaPAhYJ3sGmk6vplg0
Friends (with BloodPop),Justin Bieber,7iNIg7XDEaYECfWD5dJ9Va
Sorry,Justin Bieber,09CtPGIpYB4BrO8qb1RGsF
What Do You Mean?,Justin Bieber,4B0JvthVoAAuygILe3n4Bs
Baby,Justin Bieber,6epn3r7S14KUqlReYr77hA
Company,Justin Bieber,61uyGDPJ06MkxJtHgPmuyO
As Long As You Love Me,Justin Bieber,0pwYLVXVknPSGUQb39cePC
Beauty And A Beat,Justin Bieber,190jyVPHYjAqEaOGmMzdyk
Purpose,Justin Bieber,2IjyFRCRn8x1bEquOM3vxg
Mark My Words,Justin Bieber,2SnNaoNhMjC1WRMTWD8qTX
I'll Show You,Justin Bieber,0SNIAtRCPVVLoGEPcuHSIc
No Pressure,Justin Bieber,23UV8pJEvRnAZd6ZAXBC0H
No Sense,Justin Bieber,5L9WFUodzACitS1TiGm7Mi
The Feeling,Justin Bieber,7E390nZTMqEbrNC1TmHd42
Life Is Worth Living,Justin Bieber,4yWCzA44dQyp0SoeM81bUb
Where Are U Now,Skrillex,0n8ob8S72lvznoVfiwz4qL
Children,Justin Bieber,7sK3nu6yk8urQ44ouEB7Au
Been You,Justin Bieber,6gcA4zzG6FnMEgPSDKbAMs
Get Used To It,Justin Bieber,4AMnUGvZUVJgDuY7rOPzUZ
We Are,Justin Bieber,1m6FkAtWVloxIRHKl7pBDP
Trust,Justin Bieber,00IH8ZjI9ZGB51WRX1Oesj
All In It,Justin Bieber,4kP50JQmyFrl9pLSmnFPZr
What Do You Mean? - Acoustic,Justin Bieber,5YNf9s8WE3iF33YaFNrgpa
Heartbreaker,Justin Bieber,2GCKWEsbb0Xo1oodTOKVi1
All That Matters,Justin Bieber,6CLVh9sekZ1p2G8Tfhhj8h
Hold Tight,Justin Bieber,71g1UlX2OtS9axwBIBa5Zm
Recovery,Justin Bieber,6pFqCPdvm6C9IHbJrEu8aG
Bad Day,Justin Bieber,4VAngYbLewVFpcLR9FpYfR
All Bad,Justin Bieber,3JNEXPTnSxqlxNqhTW61D2
PYD,Justin Bieber,2GxCTEXhba060skpicYxTk
Roller Coaster,Justin Bieber,18ws4dUbhpoGB7Uv7U89yp
Change Me,Justin Bieber,5cn4RhNZPPjt0onhqUMEfa
Confident,Justin Bieber,3JsydWaf2Ev4ehaLUjj3SY
One Life,Justin Bieber,3MptiayBkOJblyC8geSXPE
Backpack,Justin Bieber,0jX97Hk6L8ImeVdTTWXZ2D
What's Hatnin',Justin Bieber,1p5M91qghUkzS4gwuMM22B
Swap It Out,Justin Bieber,3wyrAqvuBzF3iCRzKkiTS5
Memphis,Justin Bieber,5qHcOrOMSznBWzR8Xy1WYZ
Flatline,Justin Bieber,2GBgiuXwY1KzJMA0gSAr9J
All Around The World,Justin Bieber,1Mg8vLBYwizu7AuhYQO64V
Boyfriend,Justin Bieber,2L7rZWg9RLxIwnysmxm4xk
Catching Feelings,Justin Bieber,5uDuOnjJ0MrfJxvEHPpJap
Take You,Justin Bieber,41bV7zvmTbAPinmY1pG4xN
Right Here,Justin Bieber,7vjtAU3Ns1AT4dRa0voHBJ
Fall,Justin Bieber,7zMMgJ8cSCg4iPuoxWtTyL
Die In Your Arms,Justin Bieber,23taOWrpWaAtU8rVN7hiNu
Thought Of You,Justin Bieber,2iyW0eOEQ764Dz2sn8ImN9
One Love,Justin Bieber,2neyhqdDpRH7LV08C39TFJ
Be Alright,Justin Bieber,0nxvFG50rGXkiGQqOO2MHr
Believe,Justin Bieber,1AruWZmSy4RerslWBkH8OY
Out Of Town Girl,Justin Bieber,0b1L4GuHRY7jLzcMdek3fP
She Don't Like The Lights,Justin Bieber,2Z3y6552thvY2jKNHHMtXj
Maria,Justin Bieber,7E1dQbOk1qcx9gEPUMBKsk
Fairytale,Justin Bieber,55DEnUKIReTBcrjAmAa9Tw
Let Me,ZAYN,7Fg342AJtNsIDdwCfX0paC
Dusk Till Dawn - Radio Edit,ZAYN,1j4kHkkpqZRBwE0A4CN4Yv
Entertainer,ZAYN,5LTGmestwpHZ1BfCmpFQJx
PILLOWTALK,ZAYN,0PDUDa38GO8lMxLCRc4lL1
Still Got Time,ZAYN,000xQL6tZNLJzIrtIgxqSl
FOoL fOr YoU,ZAYN,6lvsJDZ7336YmpBzcNGhbe
TiO,ZAYN,7jKdgYPDj6AxVU2wk9muN1
LIKE I WOULD,ZAYN,1zWMf9bVyhY5W3ZORbjNWt
MiNd Of MiNdd (Intro),ZAYN,2cvFLZPAQoGeQnIRPt2LHE
IT's YoU,ZAYN,6dtWKqqdveI3YvdYJQKWWn
BeFoUr,ZAYN,7ofgPlilLgcw6G7fd2zNpT
SHe,ZAYN,48qaQk75LoWs5qgsZgbkA5
INTERMISSION: fLoWer,ZAYN,6dq1fUiJe6BiBORZtb9TxZ
REaR vIeW,ZAYN,6LWS6iYUZKYHNl2VwNytpo
WRoNg,ZAYN,7iCeaYJSEdGWeFNTAEqUzJ
TRuTh,ZAYN,7xJzcq1r4F1ryMujB1Caqq
LUcOzAdE,ZAYN,26PFSyfXPYz6NcWbtM5Cst
BLUE,ZAYN,1LLIkqUK19oJXHozT5PJ3B
BRIGHT,ZAYN,1V7dfxBuI7pOysGAKm6w3S
SHE DON'T LOVE ME,ZAYN,4MaOXwqSgiwgngbeYePmu8
In My Blood,Shawn Mendes,21YnmkSDhUkmkkni22Svc4
Youth feat. Khalid,Shawn Mendes,5SwEgzUFDHwpWHKrbnP32Z
Like To Be You feat. Julia Michaels,Shawn Mendes,5QskYLFPX9y7pLU0VEMNbr
Nervous,Shawn Mendes,0Dq49j3dELbttQVUJbtn0c
There's Nothing Holdin' Me Back,Shawn Mendes,7JJmb5XwzOO8jgpou264Ml
Lost In Japan,Shawn Mendes,6WBTeFDEfAJbaSUUc1V1xQ
Treat You Better,Shawn Mendes,3QGsuHI8jO1Rx4JWLUh9jd
Where Were You In The Morning?,Shawn Mendes,51wrmElSLxFzc0vSQPeTxs
Mercy,Shawn Mendes,0AS63m1wHv9n4VVRizK6Hc
Fallin' All In You,Shawn Mendes,5I8oEqbk2ZBmQfXCrZbUFb
Particular Taste,Shawn Mendes,1mmAqhLcvPrknbslMiDlyU
Because I Had You,Shawn Mendes,7hlhojpax9zg2FNdBLY5ox
Queen,Shawn Mendes,17FyWGvqby379Q92sn23jW
Mutual,Shawn Mendes,0rrfXLr1p1yxsUy7LrKoYT
Perfectly Wrong,Shawn Mendes,0UTHr20nqVFMoji8xYE9yl
When You're Ready,Shawn Mendes,03vyB3AHCuEGfhh7wPc7Yf
Ruin,Shawn Mendes,7FUXL9fOmUeZFGXvL5cYkR
Treat You Better,Shawn Mendes,48DKpTEVJ2pAjxQbWTad3q
Three Empty Words,Shawn Mendes,1Tt5Leqvv6OawH2jth05Rw
Don't Be A Fool,Shawn Mendes,7msCKNrI0vZw9H4MIgLnAh
Like This,Shawn Mendes,3Qwd9wK176KgmorU7fCW6S
No Promises,Shawn Mendes,3gnDoaJUgD9Bblzld77Kcp
Lights On,Shawn Mendes,348cSuo1eooBe21AzdjAqy
Honest,Shawn Mendes,64GT5ReOko7xx6Nc7D8JsS
Patience,Shawn Mendes,0JZ9lcwFcAscMpy1YxUtpW
Bad Reputation,Shawn Mendes,3SBAb63Bjv98ZqfAvP9aK8
Understand,Shawn Mendes,4IiHCtnfw8tZasAeocWqVe
Hold On,Shawn Mendes,66P8MvPsqu5sN0UgzLYZrf
Roses,Shawn Mendes,4uzUuDjoufcBXYZ27CsLIF
Mercy - Acoustic,Shawn Mendes,0uZnF1sn2IcNCvnyAIKNMQ
Sign of the Times,Harry Styles,5Ohxk2dO5COHF1krpoPigN
Sweet Creature,Harry Styles,5kRPPEWFJIMox5qIkQkiz5
Kiwi,Harry Styles,33SNO8AaciGbNaQFkxvPrW
Two Ghosts,Harry Styles,4B1rpPmQXwj78wk6aIGwwU
Girl Crush - Recorded at Metropolis Studios,Harry Styles,4YutJsNwBBInE8vemufpQ8
From the Dining Table,Harry Styles,1IF5UcqRO42D12vYwceOY6
Meet Me in the Hallway,Harry Styles,4u9Y4Z9i9VaAbBK7rW1Rha
Woman,Harry Styles,33bURv895AN4FkBvgFo2dx
Carolina,Harry Styles,3Dwq1oiOFys6Sxr5SslmXw
Ever Since New York,Harry Styles,5LABCxgmP7DATATIJXOh6n
Only Angel,Harry Styles,5Lbsc65org0b85kNsPkluY
Finally Free - From Small Foot,Niall Horan,7xQxjMokrYnY8n9w19FZqr
On The Loose - slenderbodies Remix,Niall Horan,42Vg8q8cGfzGFn5BoVfVyF
On The Loose - Acoustic,Niall Horan,547Vjwlcnt8a0it8uPjpCC
Slow Hands,Niall Horan,2cOUlop2ZakjOKe4WinesN
Too Much To Ask,Niall Horan,39jXnbACjiaiTwwhsr5sY5
This Town,Niall Horan,0qvzXomUDJVaUboy2wMfiS
Seeing Blind,Niall Horan,65wnZsZLKJimfK1cTFOfa1
On The Loose,Niall Horan,0kThmY7A0ynir2qLWFFhrY
Finally Free - From Small Foot,Niall Horan,7xQxjMokrYnY8n9w19FZqr
Flicker,Niall Horan,5BpmwiKR6ns1EtfCQRpNUc
Slow Hands - Acoustic,Niall Horan,3BK5t8Z6AkaeUTdFjehHqy
Paper Houses,Niall Horan,1hJ6KojJObbRvjuVj8Ezya
Mirrors,Niall Horan,6aGwF9D2BqmcSzF0JpfzJu
Since We're Alone,Niall Horan,4WZT0Mi3tD0XrYRkkDlxNN
Fire Away,Niall Horan,7JyZzz4rMPMWMsb27vArSN
You And Me,Niall Horan,69GWewQgiJozsgSb9dDEgY
On My Own,Niall Horan,2JL820UpxG8mLGWt1jjNRx
The Tide,Niall Horan,2wulDoMWELRDOBbTkVoDH3
Familiar,Liam Payne,0Y4hwUppbGc8aIBmiTz30A
Strip That Down,Liam Payne,4Ro98RCK90oHqqSZUnTFq5
For You (Fifty Shades Freed) (& Rita Ora),Liam Payne,66xn6tB8s3l8uhj02OGneE
Bedroom Floor,Liam Payne,1OG4nxGMy72EklX2DwcN3Z
Get Low (with Liam Payne),Zedd,2syQ0f4SAQdzvlAewPl1DJ
Strip That Down - Acoustic,Liam Payne,1Ddj6nkhUP3lHpLvDqPsvC
Bedroom Floor - Cash Cash Remix,Liam Payne,2ZHSpSskzs566yYbUGegyX
Strip That Down - Nevada Remix,Liam Payne,4KYD3RjwErvhpGxudM6D1E
Bedroom Floor - Acoustic,Liam Payne,79Q74lyEC6GZD4xegwpZVR
Get Low (with Liam Payne) - Kuuro Remix,Zedd,3DByIjDCubaaMzBARet2wW
TV In The Morning,DNCE,7bsYIRvIUztsOGVn2iW1ZT
Still Good,DNCE,3snCUIDipfcnwhyIfeDe8f
Lose My Cool,DNCE,3c4wMHPPLrUQdq0s1CURnv
Man On Fire,DNCE,6KQfzEKHbqNcOSEMAPlpkE
DANCE,DNCE,7BfSU2ya7PZtqrl48urKqG
Good Day - End Of The World Remix,DNCE,2N5pde8e2q06HrdWB76Aqm
Cake By The Ocean,DNCE,76hfruVvmfQbw0eYn1nmeC
Truthfully,DNCE,2lBqyCeue1bCd6HCZtKXHu
Toothbrush,DNCE,7ciLq0Cip0yxiz6KANrOUq
Kissing Strangers,DNCE,1NkwZ9TnIs8js6G0M6M7RU
DANCE,DNCE,7BfSU2ya7PZtqrl48urKqG
Good Day,DNCE,49X8pWDpmFpAITVUaudkcN
What's Love Got To Do With It,DNCE,6IBA0Sy4fygin7LNDY9Vtt
Body Moves,DNCE,2igbKtoBMXdYgYPkCpl0V4
TV In The Morning,DNCE,7bsYIRvIUztsOGVn2iW1ZT
Still Good,DNCE,3snCUIDipfcnwhyIfeDe8f
DNCE,DNCE,2qTPEvJeijDPmmTbU5O5i5
Doctor You,DNCE,126u5zblQkpLfKoHBhOXIz
Blown,DNCE,1Nj0Vy9jjuLW28pV0TApfw
Almost,DNCE,0k2IGPSjFqFKhSVQlAxWG2
Naked,DNCE,1Jajkjm81BVqptjRBoJcAn
Be Mean,DNCE,2T2tqZzWlZo92Xdxluu887
Zoom,DNCE,04zy7brGlDDrFPmhzISRzm
Pay My Rent,DNCE,3raTxbibtTZruSHwldoVO9
Unsweet,DNCE,70dijpsCUYbKuReG6oYguZ
Bloom,Troye Sivan,1hSOt9IeshMkuKP9ri4hOf
Bloom - Recorded At Spotify Studios NYC,Troye Sivan,0o7VL9DS1UoxlwONzjFp7r
Better Now - Recorded At Spotify Studios NYC,Troye Sivan,4rf444Z5dWQd6Jg5okkpZl
Dance To This (feat. Ariana Grande),Troye Sivan,1NbGcdgwRHZ5rbPIT9hdR3
WILD,Troye Sivan,2HWWsTZxnLSUdFZ4gjsP5N
BITE,Troye Sivan,72mvdKU4Lw2737idPLKTjh
FOOLS,Troye Sivan,0tjfognbowyFM3RHTdxjPK
EASE,Troye Sivan,0M4tj5zmIrL4JpJUcE8D1F
THE QUIET,Troye Sivan,6XXgPMayENMDQ9i3WIDEZY
TALK ME DOWN,Troye Sivan,0nRuVPZx2iA3KWR4xSzryl
COOL,Troye Sivan,6oOIyc6GGm0V2uuIv2xOx6
HEAVEN,Troye Sivan,5VrgqxF4HM4NgCboCTbMnL
YOUTH,Troye Sivan,1cOyWWUr3oXJIxY0AjJEx9
LOST BOY,Troye Sivan,3KV9J5y3HDHKTOtjJtHwqi
For him.,Troye Sivan,5gBEdUKVZJgvQwNu8pIQqy
SUBURBIA,Troye Sivan,5PoWbm2gxIIgg7Ykx9oY8S
TOO GOOD,Troye Sivan,7FDyoxixibPa7SJIjg7NIp
BLUE,Troye Sivan,2pmO8V5TEDZqsrcaxSucpj
WILD - XXYYXX Remix,Troye Sivan,5xCkjdBL9jWykDmwIQRzFE
Dance To This (feat. Ariana Grande),Troye Sivan,1NbGcdgwRHZ5rbPIT9hdR3
There for You,Martin Garrix,6jA8HL9i4QGzsj6fjoxp8Y
Bloom,Troye Sivan,1hSOt9IeshMkuKP9ri4hOf
Strawberries & Cigarettes,Troye Sivan,2z7UKVsBdbA7HFPunDKDP4
My My My!,Troye Sivan,71T7xF5wLbDRg76jxAwDqA
YOUTH,Troye Sivan,1cOyWWUr3oXJIxY0AjJEx9
The Good Side,Troye Sivan,7tSVyj8v1s3YyF7fvkKiOC
Better Now - Recorded At Spotify Studios NYC,Troye Sivan,4rf444Z5dWQd6Jg5okkpZl
The Fault in Our Stars,Troye Sivan,6LteLVcW0oWLjuW6nePyWb
FOOLS,Troye Sivan,0tjfognbowyFM3RHTdxjPK
Sangria Wine,Pharrell Williams,6XlSyYFTU1nodeWwwzVgTV
Havana,Camila Cabello,1rfofaqEpACxVEHIZBJe6W
Never Be the Same,Camila Cabello,4eWQlBRaTjPPUlzacqEeoQ
Sangria Wine,Pharrell Williams,6XlSyYFTU1nodeWwwzVgTV
She Loves Control,Camila Cabello,5HwnezK198pJCEj1l2Adjy
Havana - Remix,Camila Cabello,3whrwq4DtvucphBPUogRuJ
Crying in the Club,Camila Cabello,1SJtlNRJDeYHioymcvsqev
Real Friends,Camila Cabello,3iq9nhbI8fcnNamxMft1uv
OMG,Camila Cabello,4xBjsLUSjcx2h7PcRikpQp
Consequences,Camila Cabello,7sTtHHrD0zDpmzQzH3zegz
All These Years,Camila Cabello,4XLu3tTSZiPFVC9mmuR6Zp
Inside Out,Camila Cabello,5xi2SXmF3A5AIsuGXiUIZu
Something's Gotta Give,Camila Cabello,7IL3UOlcJ6nmcCMwpnlfcA
In the Dark,Camila Cabello,1GO9vCm5Cra5uWGSWQ5mGK
Into It,Camila Cabello,2gxqozTaq2NYylvS8jd57G
Never Be the Same - Radio Edit,Camila Cabello,0sVgOxAOOAj0K8PdFEGhrR
Hey There Delilah,Plain White T's,4RCWB3V8V0dignt99LZ8vH