The End.,My Chemical Romance,6s2yqZbiPNPL1B2IeCMsUA
Dead!,My Chemical Romance,0uukw2CgEIApv4IWAjXrBC
This Is How I Disappear,My Chemical Romance,0rUNZQuYQvOz6A6zwyT6tM
The Sharpest Lives,My Chemical Romance,2kMjk14RmYyYhhSbipoa9U
Welcome to the Black Parade,My Chemical Romance,5wQnmLuC1W7ATsArWACrgW
I Don't Love You,My Chemical Romance,4RAOI1etsgbh5NP3T5R8rN
House of Wolves,My Chemical Romance,7j2Bmzpnf6RwEWEQ2sv8Ho
Cancer,My Chemical Romance,0GgN4MhR5GKn5IcKN0e0rG
Mama,My Chemical Romance,0Zh3tKIphLOvQux4dA6PFZ
Sleep,My Chemical Romance,2pONuBYwWrNm9jcJH6hmPc
Teenagers,My Chemical Romance,7j31rVgGX9Q2blT92VBEA0
Disenchanted,My Chemical Romance,6T7MAQCekVb3UnCykjX3BP
Famous Last Words,My Chemical Romance,2d6m2F4I7wCuAKtSsdhh83
Blood - Hidden Track,My Chemical Romance,1rNSLiEFpAF4amVhkzfTUG
Helena (So Long & Goodnight),My Chemical Romance,5dTHtzHFPyi8TlTtzoz1J9
Give 'Em Hell Kid,My Chemical Romance,0axF06XwNLobcx5z8BVtYw
To The End,My Chemical Romance,1GErReAT0swX36x3O8GyQn
You Know What They Do To Guys Like Us In Prison,My Chemical Romance,5bTuwAgYUD5MABOIPH8ZMt
I'm Not Okay (I Promise),My Chemical Romance,7lRlq939cDG4SzWOF4VAnd
The Ghost Of You,My Chemical Romance,1yKAqZoi8xWGLCf5vajroL
The Jetset Life Is Gonna Kill You,My Chemical Romance,7HKfrU3iuEFrKxTAfVznrG
Interlude,My Chemical Romance,4vpaz6338VqJIeJHq6z2mU
Thank You For The Venom,My Chemical Romance,0BpKPyXhWsTaWkgXeOd1Sn
Hang 'Em High,My Chemical Romance,262RJtiqytpugV1UvDicN9
It's Not A Fashion Statement It's A Deathwish,My Chemical Romance,4fGIqy3bvjX0jz1SJHqjjo
Cemetery Drive,My Chemical Romance,2cViIXIe8Pbd1sOJExMJlK
I Never Told You What I Do for a Living,My Chemical Romance,6gLn8QhAYL4dEwdpVjfCPl
Fake Your Death,My Chemical Romance,2M8g01v2vUMn39YQ10l7ef
Honey This Mirror Isn't Big Enough For The Two Of Us,My Chemical Romance,3CVK63YAWTCSc90CRBg7aD
Vampires Will Never Hurt You,My Chemical Romance,4CHgMsn2siH3llSPvaHruj
Helena,My Chemical Romance,3ZaS7Bcz9tpFIjfst63tSw
You Know What They Do To Guys Like Us In Prison,My Chemical Romance,0xlO6Imwi6jaFlCNWWzS7z
I'm Not Okay (I Promise),My Chemical Romance,14mqKOS4dHMf48spDuzfYv
The Ghost Of You,My Chemical Romance,7L3ZztbqdEbKItCMELoMk5
Welcome To The Black Parade,My Chemical Romance,60OyEYORxZjS7xlfoAgyjR
Cancer,My Chemical Romance,5GkmWaLP20HiMZhlRCHE42
Mama,My Chemical Romance,7KZTEpNYr4OyGDhPE8V4dN
Teenagers,My Chemical Romance,4ysna0NWUk08Le3vU4x0iV
Famous Last Words,My Chemical Romance,51D32A7guJQTmjM5is9UMp
Na Na Na (Na Na Na Na Na Na Na Na Na),My Chemical Romance,7vb1HJXTK7hR3ug25xtiuY
SING,My Chemical Romance,0M2hkIRjThYwmhgPYBBVWg
Planetary (GO!),My Chemical Romance,1yvnnkDmD0NtmZYqai5eJT
The Kids From Yesterday,My Chemical Romance,2KbmrXsDOit0hvEdorMZ2o
Skylines And Turnstiles - Demo,My Chemical Romance,53rLsylqyS2zPTOWsiAAYe
Knives/Sorrow - Demo,My Chemical Romance,11NkQnWiJLu57DCSJ0SshS
Cubicles - Demo,My Chemical Romance,3Hgt4LiNlZwa2XAEZYnK8c
Irresistible,Fall Out Boy,3znPiywA0q1VK2jgAZFDoI
American Beauty/American Psycho,Fall Out Boy,3D4Xkcir5YEhk8Xidkd1dL
Centuries,Fall Out Boy,04aAxqtGp5pv12UXAg4pkq
The Kids Aren't Alright,Fall Out Boy,3x7NGlfDKQYN2wnwEnL7r9
Uma Thurman,Fall Out Boy,5PUawWFG1oIS2NwEcyHaCr
Jet Pack Blues,Fall Out Boy,7d0R90VzB45UWf3Aey0X22
Novocaine,Fall Out Boy,5F0bmCjKUufNz1bHXfgRwe
Fourth Of July,Fall Out Boy,1vrjcPplEuenckUzGGp2UR
Favorite Record,Fall Out Boy,4vC4nKK6bk9pYEVOU4EIbA
Immortals,Fall Out Boy,3Te8uLyit6X3ncNW8Fp3K2
Twin Skeleton's (Hotel In NYC),Fall Out Boy,2WWP0IPX9xFjAMraNHX390
The Phoenix,Fall Out Boy,53AuxddsgPSlqM619nJhSd
My Songs Know What You Did In The Dark (Light Em Up),Fall Out Boy,7s0lDK7y3XLmI7tcsRAbW0
Alone Together,Fall Out Boy,5MsZIaCYY6Tsdph0LiB0hE
Where Did The Party Go,Fall Out Boy,66324Jt0mZdXaM7f8uUitE
Just One Yesterday,Fall Out Boy,0l2p5mDOP3czJ2FpD6zWie
The Mighty Fall,Fall Out Boy,49nmsafpkJp2lDj9b4jkxh
Miss Missing You,Fall Out Boy,05Z77MHLPcBA2Wd5eDSJzl
Death Valley,Fall Out Boy,3iJmiaoZWzykf3Hl4IeYtI
Young Volcanoes,Fall Out Boy,3nSiB5WCF2pmRQrYSsteHv
Rat A Tat,Fall Out Boy,6VOWUjl7sumb6IpBPkjQat
Save Rock And Roll,Fall Out Boy,0XJDfLHO7C6b0GpjeB5mpu
Thriller,Fall Out Boy,1oTLnm3ScvsmAsYkMe76WT
The Take Over The Breaks Over,Fall Out Boy,4zCfMDdf5QXPKEqxdinXvB
This Ain't A Scene It's An Arms Race,Fall Out Boy,4c7xQ7OsqL6W4RwEQmID7g
I'm Like A Lawyer With The Way I'm Always Trying To Get You Off (Me & You),Fall Out Boy,57cMYn8UplOyIVUYCcI9l0
Hum Hallelujah,Fall Out Boy,1ItNEDeGMEJ7WpHSGsy6vT
Golden,Fall Out Boy,5GtQiEpHEOPJR0FCq9GOSL
Thnks fr th Mmrs,Fall Out Boy,0Xm1MphW32ekOkhnoe61lk
Don't You Know Who I Think I Am?,Fall Out Boy,2QOnKznMiAIslV8cy5YqKC
The (After) Life Of The Party,Fall Out Boy,5VBuj3BG5N5NkmanAcaj7r
The Carpal Tunnel Of Love,Fall Out Boy,2NTVGqH0kHoH0Fa4rXet7E
Bang The Doldrums,Fall Out Boy,3SbguEsl4Ny8vIdS72vtiz
Fame < Infamy,Fall Out Boy,1x4MtYDDherm9NBPyequf3
You're Crashing But You're No Wave,Fall Out Boy,1BwiygT4liU8ysFPHEOC40
I've Got All This Ringing In My Ears And None On My Fingers,Fall Out Boy,5h6rwKuOezIxKukNsGvJUJ
Our Lawyer Made Us Change The Name Of This Song So We Wouldn't Get Sued,Fall Out Boy,73A0DxzMGDhVGsvHQSaaBq
Of All The Gin Joints In All The World,Fall Out Boy,4304kbwhzhb8A3n6wl27Kg
Dance Dance,Fall Out Boy,0a7BloCiNzLDD9qSQHh5m7
Sugar We're Goin Down,Fall Out Boy,2TfSHkHiFO4gRztVIkggkE
Nobody Puts Baby In The Corner,Fall Out Boy,6HJzCcSMggn7Ultxs48dAe
I've Got A Dark Alley And A Bad Idea That Says You Should Shut Your Mouth (Summer Song),Fall Out Boy,3DASPeFJXSIycNpbROhrAC
Sophomore Slump Or Comeback Of The Year,Fall Out Boy,1iir1dMidSGRzbPMCCEtfX
Champagne For My Real Friends Real Pain For My Sham Friends,Fall Out Boy,78A2FZKzGtkaIIlov5te9S
I Slept With Someone In Fall Out Boy And All I Got Was This Stupid Song Written About Me,Fall Out Boy,79oQb66jALYYKX1hn4qs4p
A Little Less Sixteen Candles A Little More Touch Me,Fall Out Boy,4pmU8AtVu9qU40Xd9zjEfA
Get Busy Living Or Get Busy Dying (Do Your Part To Save The Scene And Stop Going To Shows),Fall Out Boy,4903HFfvLIQ8ujvQ0ARNGI
XO,Fall Out Boy,4u2JQ1rzBirJVn6Ka2aQ5l
Tell That Mick He Just Made My List Of Things To Do Today,Fall Out Boy,6mCjOSXkABONouTVa6PQOy
Dead On Arrival,Fall Out Boy,7naGWci9bflvfdzxphFjAw
Grand Theft Autumn/Where Is Your Boy,Fall Out Boy,3JOdLCIBzQYwHIvpN3isVf
Saturday,Fall Out Boy,423FiDerFgzeEcqKEOmZ81
Homesick At Space Camp,Fall Out Boy,5sIweazpg4JYBjyxABUx9y
Sending Postcards From A Plane Crash [Wish You Were Here],Fall Out Boy,6myPy86FHUBJsFi7RAWp5Y
Chicago Is So Two Years Ago,Fall Out Boy,3P8zrkBArAfdjFJxPtZRUO
The Pros And Cons Of Breathing,Fall Out Boy,3koOoLN69AAiw5JCQNaZMe
Grenade Jumper,Fall Out Boy,3jsNPTt6LUyB2srOcZaq47
Calm Before The Storm,Fall Out Boy,0dqREqnSQyV4mBwfPdFbLk
Reinventing The Wheel To Run Myself Over,Fall Out Boy,4tj6uekOEtNOqJJ8BpBP74
The Patron Saint Of Liars And Fakes,Fall Out Boy,0aHWzIvtnkG3FVcBoFQ6BG
Hard Times,Paramore,0w5Bdu51Ka25Pf3hojsKHh
Rose-Colored Boy,Paramore,2RJfK2pOvGpnxC255YOy5k
Told You So,Paramore,7BpYWzZwrsljT1eIjb0TqR
Forgiveness,Paramore,74ABBu8osxqmuFOAKcWWpG
Fake Happy,Paramore,6t44iU80A0h8WQ7vc4OoRj
Pool,Paramore,3xCsHloPBl211Yi4UEUUcm
Grudges,Paramore,3WKz5JDH0St3Smips7NlOM
Caught In The Middle,Paramore,27zJBz0YnuZO69U69z96vd
Idle Worship,Paramore,50zSoW3GT1Ee4hXxQPO08t
No Friend,Paramore,6RaLExL28RxCmQNUnDvUFT
Tell Me How,Paramore,0Nt9OgNZ856RjKIPldNRf9
Fast In My Car,Paramore,6r9cqn3KG824MXSo7sHPlK
Now,Paramore,0LBz07gAdgUukYvpFyW87y
Grow Up,Paramore,0M8MIyYKkq2ETYuM57LzI0
Daydreaming,Paramore,6sW6EvagT9ljwokJlG6obt
Interlude: Moving On,Paramore,6pqJNsWUnHm74pDm0h6iDL
Ain't It Fun,Paramore,1j8z4TTjJ1YOdoFEDwJTQa
Part II,Paramore,6SFbRVZMfbLsXHXc7JqzRs
Last Hope,Paramore,2VBluJiNj9bKohWX0dY1Lh
Still Into You,Paramore,1yjY7rpaAQvKwpdUliHx0d
Anklebiters,Paramore,3hgzEGrm5iTY6pkgJ827qX
Interlude: Holiday,Paramore,6IAaP75vqVa1fVb7ZOua94
Proof,Paramore,71ZzqIzSNKye1tmtn0dSlk
Hate To See Your Heart Break,Paramore,3AX4HIRJY6GT6tgMkO5987
One Of Those Crazy Girls,Paramore,6JmV5cyTQ934NxLY4Z0tg1
Interlude: I'm Not Angry Anymore,Paramore,2GBjsCkCpR5w8Zri9aE49H
Be Alone,Paramore,07isIbQefUUFa28iA0dzHR
Future,Paramore,2o5bg7kQaYn5zhPld7fuYC
Careful,Paramore,63L9AjBDN3SOMbJlBkFqiZ
Ignorance,Paramore,47No93LxERvV6MtOAmQzHS
Playing God,Paramore,7hInOqJnlEayXao08yVYAn
Brick By Boring Brick,Paramore,1a9YW7fATU351ok4zWjU7a
Turn It Off,Paramore,0q99swv2f9L5m8JHkF3sDC
The Only Exception,Paramore,7JIuqL4ZqkpfGKQhYlrirs
Feeling Sorry,Paramore,2F9JloTNvfkIvwXJP0bZUO
Looking Up,Paramore,3mzV0WDATjcpzcTNK2TLJw
Where The Lines Overlap,Paramore,0ZgpvjwRIwTEUkDPWHhTE3
Misguided Ghosts,Paramore,2VYqkb77OjToeRAnMNd4yU
All I Wanted,Paramore,1Bv3h7Vc4AaYA2BcSM3rVd
For A Pessimist I'm Pretty Optimistic,Paramore,2PDLmgDWiwjUTxl1pPyDQA
That's What You Get,Paramore,1JdKrFyoU05abww0Zv0ayQ
Hallelujah,Paramore,35YZB3NoKwJezIXb1OWaJd
Misery Business,Paramore,6SpLc7EXZIPpy0sVko0aoU
When It Rains,Paramore,2owXQZEmYfwbUXzaliVSpj
Let The Flames Begin,Paramore,7fx2rt43UfclOOulPwBYk2
Miracle,Paramore,7tCnwq0Fy85y1tWktmXQ7u
Crushcrushcrush,Paramore,3VA4sjTMSTTF02hFGmlpJh
We Are Broken,Paramore,3QCNDusgteS3LdSpjLZdli
Fences,Paramore,4aICBAAFGF3pLSZDlmsMj9
Born For This,Paramore,4JFTOshl2tCk379jFm9eyy
Misery Business - Acoustic Version,Paramore,3CFIo5d0MJM4xergOijeYD
Nuclear Family,Green Day,206n37mZTmloL45RYhmMlP
Stay The Night,Green Day,62RJY1zulBzXwn1poj0Je7
Carpe Diem,Green Day,6focoSGn0PDqhZvTFLhvsc
Let Yourself Go,Green Day,5pP3WtXwZ6HjcbuJ3vhDTZ
Kill The DJ,Green Day,6pwt5G9ZKwM6I0GKVfIBb4
Fell For You,Green Day,1qhrPLgAcTny6Xcv33GgLA
Loss Of Control,Green Day,4iFlW5tgeMNmqgSRryiGEx
Troublemaker,Green Day,0aCtudavUSkvtS1MottwVU
Angel Blue,Green Day,4Rce7Dk3rYxcAbpRUvGPmV
Sweet 16,Green Day,0dDept3NG63mlj7iJ8sVho
Rusty James,Green Day,1ncTtTXXPjW58hxGXFR2eS
Oh Love,Green Day,1qIgyDoc2rwtq8w49jeWL8
Song of the Century,Green Day,7v4kWg3dzVd01tknLf853W
Know Your Enemy,Green Day,5qtwzv99vOr5UTwnTixn7j
Viva La Gloria!,Green Day,575urseJcD6iGioNWuQy3H
Before the Lobotomy,Green Day,0bziU9XgFkAcPrMhVYBM7n
Christian's Inferno,Green Day,0buUlnWLraOX28CQLuR1dE
Last Night on Earth,Green Day,5TpPSTItCwtZ8Sltr3vdzm
East Jesus Nowhere,Green Day,0PVplC5P6JJXzEKfIoNTRo
Peacemaker,Green Day,5jOMxC9ezgFPGSMSn1zJ5S
Last of the American Girls,Green Day,5Rjm3VIMlxAEIEy5gU2bF7
Murder City,Green Day,4nqZIPw2PNo1W54kEmswJ2
Viva La Gloria? (Little Girl),Green Day,2mnk1GHN0XmznKiucY4ZW4
Restless Heart Syndrome,Green Day,0CHmnY1V3tmxrIZAkpyxNh
Horseshoes and Handgrenades,Green Day,3Dl2gul5pJ5Ceh7ew5kvC9
The Static Age,Green Day,0c0ptxjRaqaxMM8gvSWCG0
American Eulogy: Mass Hysteria / Modern World,Green Day,2DSgsIY3ZCjx7DhMNRzsSS
See the Light,Green Day,5bUXuNEIxQbX6sTiP43z5H
American Idiot,Green Day,45zvStEMsXp8z45OQRhWFJ
Jesus Of Suburbia,Green Day,10lT3pp9QERGOWiIzLx4We
Holiday/Boulevard Of Broken Dreams,Green Day,0HJRAM7Gt9jXskuXjZeFX3
Are We The Waiting/St. Jimmy,Green Day,42d6bxB7OQ6f8ct2ihYNBw
Give Me Novacaine/She's A Rebel,Green Day,1TvWynhpfL81aLBd84OSBF
Extraordinary Girl/Letterbomb,Green Day,2M38zNMI7gCoCwfEUZQPq5
Wake Me Up When September Ends,Green Day,3479kk78dx3GFt048Udq54
Homecoming,Green Day,1tlU33QzdVtUL82H1DYZET
Whatsername,Green Day,7HXtpmFjqt4Wv6T8y5lVz3
Too Much Too Soon - Non-Album Track,Green Day,2pgrjuet6rU22FqQ7fME7a
Shoplifter - Non-Album Track,Green Day,6f6sG3duvgqfwqExi7pmEs
Governator - Non-Album Track,Green Day,6XeV1xKt2kZSLkJaHalWWw
Burnout,Green Day,7dVDWf0wud70V4PgYfKnaG
Having A Blast,Green Day,0eUJzAGs9OKSOmLVpsng7e
Chump,Green Day,1Cq8IdsiaMiieYuLN8iEm0
Longview,Green Day,3LRJbFT9rKoKv4aW7PuBJC
Welcome to Paradise,Green Day,5kr3j5Clb9rjEposoMyLVt
Pulling Teeth,Green Day,5z2XqieaqxpCJc3ntZ6Ye3
Basket Case,Green Day,6L89mwZXSOwYl76YXfX13s
She,Green Day,4wsQGsdf8D0Bj26cGdvreB
Sassafras Roots,Green Day,4oqF9y2thGJh7hFd1hqItt
When I Come Around,Green Day,1Dr1fXbc2IxaK1Mu8P8Khz
Coming Clean,Green Day,435j8ueVosOip0Vjm3vvj5
Emenius Sleepus,Green Day,1gPwAnimmoEt2y3LXa9ysx
In The End,Green Day,4GSyhhe5HHAytp7KlmWlZX
F.O.D.,Green Day,409hGnupGUeqjzpv4Ycs3g
All By Myself,Green Day,0fatcDJuNxjxA9tuBsQkrm
Victorious,Panic! At The Disco,6od5hFv9IT5JHc7NEF9HRv
Don't Threaten Me With A Good Time,Panic! At The Disco,2fh3bZ8jZhMxOcfESE9nQY
Hallelujah,Panic! At The Disco,6TzJLISIitIzn1WtjDY0Op
Emperor's New Clothes,Panic! At The Disco,3px2rAPu74ltbkf9eZsZ8h
Death Of A Bachelor,Panic! At The Disco,1BECwm5qkaBwlbfo4kpYx8
Crazy=Genius,Panic! At The Disco,6V68ItawQkQlZhYIf1S86C
LA Devotee,Panic! At The Disco,2fmCA13dwQQOGBIbIOWRiJ
Golden Days,Panic! At The Disco,3fwKVZ73y7UUGMyR6rVCRa
The Good The Bad And The Dirty,Panic! At The Disco,5eoZTdiq4C4aoEfUwAN0ha
House Of Memories,Panic! At The Disco,2DgdHcjWmO3qd50RzuBLgZ
Impossible Year,Panic! At The Disco,5j9yOfRB2s6OMS1YwwYiMw
This Is Gospel,Panic! At The Disco,3yZQk5PC52CCmT4ZaTIKvv
Miss Jackson (feat. LOLO),Panic! At The Disco,46Kcradxrva9Dny4lHU1b3
Vegas Lights,Panic! At The Disco,0zewUY3RSh8yaV7q66Okem
Girl That You Love,Panic! At The Disco,1ozYwEeDttK6iWc1yQS8c4
Nicotine,Panic! At The Disco,5Q4H1XkVHxQjnrHCUpS61d
Girls/Girls/Boys,Panic! At The Disco,2wEjPgOCEczmjlvq60LyQi
Casual Affair,Panic! At The Disco,2zkXavDV9dw8uR0pfhsBt2
Far Too Young To Die,Panic! At The Disco,4NTL7fT4eqfPao94lmqth2
Collar Full,Panic! At The Disco,1zN3CZlafjfEiMR9uXQGrW
The End Of All Things,Panic! At The Disco,78tro1rpoxmqjbjiRRRzoH
The Ballad Of Mona Lisa,Panic! At The Disco,5rLi8B8qgk6qThwRnKHW2P
Let's Kill Tonight,Panic! At The Disco,14uvyd51Ha7FihKHlOtUig
Hurricane,Panic! At The Disco,7l9uOhfVJC8Y0c6PXHrgbs
Memories,Panic! At The Disco,0k8tcDGLSqUQAeuoOaUJj2
Trade Mistakes,Panic! At The Disco,62lc21zAcKWs11pbSOabO9
Ready to Go [Get Me Out Of My Mind],Panic! At The Disco,7m4HUtdXRUHEitLIqbVWxf
Always,Panic! At The Disco,5VL7pScLlKe4MbB8EAivgA
The Calendar,Panic! At The Disco,1qRKyMsn18kuIIP25W9byL
Sarah Smiles,Panic! At The Disco,00h6syYCxPKVsInPHXhdZ1
Nearly Witches [Ever Since We Met...],Panic! At The Disco,2KA3lvDwQQiyvuJJvzifGL
We're So Starving,Panic! At The Disco,4cpvL9PzBnQjinE5wCo3By
Nine In The Afternoon - Radio Mix,Panic! At The Disco,1S30kHvkkdMkcuCTGSgS41
She's A Handsome Woman,Panic! At The Disco,3vl6Lv6TZO429Z2bBwCiZk
Do You Know What I'm Seeing?,Panic! At The Disco,1ac22sFSlj3iaQV2qAsFkK
That Green Gentleman (Things Have Changed),Panic! At The Disco,2d1D1E8M48hHE99u6BO8RN
I Have Friends In Holy Spaces,Panic! At The Disco,4E1R0vG10ed0wDhjn09kTG
Northern Downpour,Panic! At The Disco,49SL9f1Kz73p0bzsNPTY4l
When The Day Met The Night,Panic! At The Disco,7v1b3qExlTFrpFWrtcnUpE
Pas De Cheval,Panic! At The Disco,3AYlkW7zXQWjaIlSjkRHES
The Piano Knows Something I Don't Know,Panic! At The Disco,7mUIArtwutOJoJ4rF3r0ZD
Behind The Sea,Panic! At The Disco,6T2VGjZgDtJNC6t1yYYcOP
Folkin' Around,Panic! At The Disco,7bNQvH1gTydxfIetHX3WGC
She Had The World,Panic! At The Disco,673WCjn0SxKJD4qRKczaCk
From A Mountain In The Middle Of The Cabins,Panic! At The Disco,2x8Ljij15QYLZMwYZWwiLH
Mad As Rabbits,Panic! At The Disco,6BlNWpXnsONi1ieRt0Jzsh
Introduction,Panic! At The Disco,0JSnEZMwlEcq5eKiyZvy4F
Nails For Breakfast Tacks For Snacks,Panic! At The Disco,5VHwEHR0IfvV4f7V7o0qnt
Camisado,Panic! At The Disco,2hgkutEHVmJRg7drAJAFHi
Time To Dance,Panic! At The Disco,4C2i4NymWRem1LOVEqwWV6
Intermission,Panic! At The Disco,51iSSDPQFolRBhtS9rAbeg
But It's Better If You Do,Panic! At The Disco,2ZqTtndqAZDRAWw2vgZwQK
I Write Sins Not Tragedies,Panic! At The Disco,4bPQs0PHn4xbipzdPfn6du
I Constantly Thank God For Esteban,Panic! At The Disco,3obggbhnOjjnytaGM1hpDR
Build God Then We'll Talk,Panic! At The Disco,4rstj4vgkFq49R2VV0fbxX
In The End,Linkin Park,60a0Rd6pjrkxjPbaKzXjfq
Numb,Linkin Park,2nLtzopw4rPReszdYBJU6h
The Weatherman,Lower Definition,1LVo7ugP6XMTUk7ynxDfiU
Alone Again,Reggie And The Full Effect,55eS2303M2OnrYD4vpilp1
Uneasy Hearts Weigh The Most,Dance Gavin Dance,5oC0AAgJ7RoWOT3HznLMe1
Quarter Past,The Fall of Troy,0RNNSZeNubWgnwXBWzq4Cv
Child of the Desert,Circa Survive,7B8i097AlAcwxNQRx4ygd0
Brand New Colony,The Postal Service,4PxCWMPfDLqFMl1i9IX04W
The Ghosts of Right Now,The Wonder Years,3GGCpcYytRLTze4BLVknsF
Gold Jacket, Green Jacket...,Senses Fail
I've Been Dead All Day,Bayside,55RUp308pgoV1T7yUGjw6D
Rockstar Nailbomb!,The Fall of Troy,0wVtuItNgrJtbeVHpY4m9U
I Can Feel You,Motion City Soundtrack,7dYNXKnxWccIR6dqV69Fd9
Mandala,Circa Survive,4sWbO2WvPPvZTTev2MGlRJ
Passing Through A Screen Door,The Wonder Years,0i4nHa7wLCX11M7yIp7iTJ
Two Letters,Bayside,1jFeem4fXdC28xQNxBjaX4
Unheavenly Creatures,Coheed and Cambria,2TNjgb9aJG4toZSgM2RylS
Dopamine,Anarbor,45n89B7MNN3a9foP6w4Knz
Hey Look Ma I Made It,Panic! At The Disco,22oEJW6r2rMb9z4IntfyEa
Disappear Here,Bad Suns,1cWD3SRnt48gFWzqTC3pWM
Wet Hot American Summer,Cobra Starship,5ZLEayzVXozskXkM5vXMQm
The Orange Grove,The Wonder Years,727h80aQ2dXsGKW5wX7wHG
Amarillo,Anarbor,1gKSs3BrhLToHH389ndTok
Taxi,The Maine,6tkDUCTp0PmHH9BRNCYaJJ
Off She Goes,Bad Suns,277XsneDiv30dhONPCOmrF
Slow Down,The Academy Is...,4VbxZbS5Vrwr8nnHCFBiXx
Old Fashioned,Panic! At The Disco,18ULKfQl3KpCnklAKFfO2t
Rock To My Roll,Anarbor,0pDbrLNpDx7xY68z64QNcs
Black Butterflies and Deja Vu,The Maine,6QZ8h3RqIgTRTo3hfaqryx
Daft Pretty Boys,Bad Suns,41d2Q6DHcM20OdzynkRtvf
Sunshine Riptide,Fall Out Boy,0ZqqrBHeSeyZahfcyw9N8O
Let It Go,The Story So Far,28jTYlsBFSC0xZ9y6jlLeW
Doorbell,PEARS,7j4QHGfNlx47MQKwgIIqek
Milla,Goldfinger,1MvUNBH345Qy0GLy1uszq2
On with the Show,The Lawrence Arms,2xxktKEbhOp8J0YM1LpXD1
Fool,All,3EFrkPvtjKdttFaTnDZHGb
Owen Meaney,Lagwagon,5O0mc0GcJDPGBvqu01mhWM
Hinged by Spine,PEARS,3lYEqnZ9PVQNteUaSB3A1d
My Head,Goldfinger,3NgPtTQYSAWKdJI0bQQYee
Hope,Descendents,1MPEPvmX18S9MK4RlMKIst
Fade Away,Ten Foot Pole,1cpNXe6i7RQdNohk1JleJM
Nerve,The Story So Far,1DlT3Udf11689ezYr6R8aA
Box,Mustard Plug,7mXfLfLQocx6MYpSaoWjyo
Arduous Angel,PEARS,0RJNpZpIv2UiY0SBowZCPG
Out of It,The Story So Far,73QyfpApOMk3fApexIedBR
The Soundtrack To Missing A Slam Dunk,Hot Mulligan,2lVVobpKybEGjpCnjNzqiC
Untitled,Knuckle Puck,7j04glqh2SY6Es6jiQEhgf
Point Blank,Homesafe,41ut5LHegVtcWf4KjocBE8
North Hansen,Bearings,5wjJzo0hJEjFEgTLXfpDME
Gloom Boys,Waterparks,6jDfwD81O7xWxoerV6hdD0
Million Dollars To Kill Me,Joyce Manor,2mCZNCEnmfjymwYhDWCikb
Attention To Detail,Life Lessons,4a35SV5ILBxxhzygqLfzAU
Lightning,State Champs,2f23wbpcWh5jW6GFK3FPjN
Solo,The Story So Far,6YuBA0OqrYdgRGNuYSlb3R
MIA,Anarbor,0Sr4w53ygTi74PisaRP8HO
Molly's Desk,Can't Swim,3YLdQ0idLbWhE7DVSMmrkn
Old Soul,Trash Boat,6N81Kc4lYplCZp80dYMVj7
Petrichor,Bearings,6TUUUfHJOBjLOftFhflWki
Overstepping,Belmont,79XKPlY5fagGd2iXhDPrEs
Disorder - 2007 Remastered Version,Joy Division,38wCbVfMreML5ZhF5iQuKA
Roads Girdle The Globe - 2001 - Remaster,XTC,33BrbTNaKetenya8gALcvK
Silly Girl,Descendents,1o0cObpbURSTFEoXSgmL6a
Everybody's Happy Nowadays,Buzzcocks,55N6XPkC4jQ9TAQsAAhvej
Swingin Party - 2008 Remastered Version,The Replacements,14g6foD6sxO1qgkDKuPgWv
Sugar On My Tongue - 2005 Remastered Version,Talking Heads,1w3IeWPxVHuw0gyXcGV2pN
Poor Girl,X,6mDwOKsf8ycyYeBMYmpjCG
Julio,Dwarves,3X4p4XyZthE2h4Vm4S0uBl
Asshole Dub,Minor Threat,4bdNAul5kCPcf1ZPnor7Ai
Janitor,Suburban Lawns,4qIrNr9OnHrQhpODZcmulH
Born Under Punches (The Heat Goes On) - 2005 Remastered Version,Talking Heads,4eBCTzBsSjYgrLH5clQf2x
Yeah My Baby,Flamin' Groovies,2YIfYBFXHlhqZRvnnTE181
Ever Fallen in Love (With Someone You Shouldn't've)?,Buzzcocks,6xVq4SrxJHWLLKq91ZeCqm
I'm Not Down,The Clash,1eijsmCG81EUB5YGGAz6Yv
The Giver,Dwarves,1A0EvCfYfsWSur1gIcv4wF
In Between,Can't Swim,1Qn4BMKSok3d3J7Vtsutir
We've Got Soul,Chapel,4d2ZjNalFYWBTmBGQSGf3I
Sedatives,Like Pacific,3TG6xEJbHBHyJ0PT7I1JDh
Fossa,Boston Manor,1lkyijhb61fdb3E0Y4R54c
Shade,Trash Boat,5QnRcsp1NLJEpZ41Rg24HA
Sign of the Dune,Hard Girls,0qGwtcyulhfFtIchgB2ZzX
Only in Dreams,You Blew It!,35AGV4fQ2xzBmtH2A3WEpH
London,Seaway,2jIUwHF0mFWl62CHQDFunb
Letters Home,Bearings,0ORhF3QfBqUhU9ocCDPRZR
Color,The Dangerous Summer,0JTQCx3XEw2h0m9LQQfFXj
Submerge,Movements,5A1nsCaCGGPA1SjQLIYqSd
Guilty Melody,ROAM,78qxHjjo0BAIohAACNezOf
Make You Bright Oh, Weatherly,4mfYBfZYOEG2clLKwQOmji
Slop,Forth Wanderers,1KfoPHH8DuAMDqJJpdpMR8
Creature,It Looks Sad.,1ntaQ5nSrrbJwEuwAAbHiY
Crash Test Rating,Remo Drive,1RIgnPLmupN5JRcncTDUTO
French Press,Rolling Blackouts Coastal Fever,3xuTjTxGkMVtxnHCAntxTs
Dog Milk,Palm,1KB6mABF9JPikZ7AE0OSno
Bite Back,Diet Cig,2wEHXaNsTrXN9VMKQhaDA6
Know Better,Forth Wanderers,0AIDC0E33d21cfCfpp8dXZ
SLUFF,Naked Giants,2HtcNtydLGeSdYkaTWG47w
Up and Down,Wavves,4fBAjdgKzI61FtlhQYTDlw
Yer Killin' Me,Remo Drive,79lzbYqczF4oLoOkxx9mHK
Raccoon,It Looks Sad.,7CCjgxU5UIBYWkmJC5cI4E
Selfish,Forth Wanderers,4Ubv15YM60WOnQzONOH4Pu
Sponsor me tape,Mom Jeans.,78gg9P8x1YdSVU1b6gvjma
Trailer Trash,McCafferty,5i6K9zWroKlqvskqbrOWGA
Cheeto Lust,Great Grandpa,0PpnXVao9ScPyxZKecGBGJ
Last Young Renegade,All Time Low,66hOCG7IpEJI5wfLDhajxD
Drugs & Candy,All Time Low,1isQMKYmpvJ4tOP8R2qkWr
Dirty Laundry,All Time Low,7GZKme55JpmLq3alBDQm11
Good Times,All Time Low,3aAoy02NwrmZcqXYYjqNh2
Nice2KnoU,All Time Low,4BpSuJ9GPFb4lNNNsOktws
Life Of The Party,All Time Low,4pcyWJiAvOwdVxn7xjhR0N
Nightmares,All Time Low,0LJp1imLp25L6loDVPDMGn
Dark Side Of Your Room,All Time Low,0ergYUxazsLy0qWK3h0YJd
Ground Control (feat. Tegan and Sara),All Time Low,2fF3XzFS37084kw9tgNA5i
Afterglow,All Time Low,4nou22UEIrqNbtS9ZY3wjL
The Reckless and the Brave,All Time Low,42Mm9OLPmKZaHlMUv93ZJu
A Love Like War (feat. Vic Fuentes),All Time Low,7vBBL9qR7sgvb0vD04iLTk
Backseat Serenade,All Time Low,4YsAIpME2xJ1YERIgmhnzc
Me Without You (All I Ever Wanted),All Time Low,2JXyopUdvJhoPHcfdurDtN
If These Sheets Were States,All Time Low,1Xx4drnEuAD3MAiBQip2vv
Somewhere in Neverland,All Time Low,4Dn01Bky5ldf7v0iaeO8zf
So Long Soldier,All Time Low,5QrCRpl86QtjAQK86kNs5e
Canals,All Time Low,39YFdsTu3cCsFAwXy0ZaMM
The Irony of Choking on a Lifesaver,All Time Low,5oaSlcXjg1STGGzT5Bs0T2
To Live and Let Go,All Time Low,28unh9RiprsyGdhe8HxUue
Outlines,All Time Low,6lhF9N2Zyfx8EK5x2xoSbG
Thanks to You,All Time Low,3wRBSHNhLHXkvadMwGBZsq
For Baltimore,All Time Low,4BbRPhpIAYluZyLpGILSlX
Paint You Wings,All Time Low,6NMzAIKmif0HbMREXBuiZ4
So Long and Thanks for All The Booze,All Time Low,09281DcugUSja7Ik9193Be
Oh Calamity!,All Time Low,40t2E0HHaaUTp0dolN4dNp
For Baltimore (Acoustic),All Time Low,4bRzgH4xpH31YXRyEGNXgD
Somewhere In Neverland (Acoustic),All Time Low,6JpHf4oiOXpi0jvuz0pb7i
The Reckless and the Brave (Acoustic),All Time Low,1spdd30TK4cLWGlXatJqJC
Backseat Serenade (Acoustic),All Time Low,1XkW4LNh0ss8QIy40EsHMY
This Is How We Do,All Time Low,2GeLSYKBAMQVFuND07R99K
Let It Roll,All Time Low,5syzTSpMcUDpYtOI0SeTc9
Six Feet Under The Stars,All Time Low,3ZuDgFVRKfSg2wkrhGIjkE
Holly (Would You Turn Me On?),All Time Low,4d8I66AFI5HofrVbKcLPmz
The Beach,All Time Low,04TZQMtZV5AgCN8EemKEZr
Dear Maria Count Me In,All Time Low,3ZsexY07D4t4HRq7ogeSAS
Shameless,All Time Low,7bPzTky1XMTA3EHHKxuwxg
Remembering Sunday,All Time Low,5wfy4RalC2K42QXlltpxJE
Vegas,All Time Low,6VvdDfN8b7dJd0s6o2BtWG
Stay Awake (Dreams Only Last For A Night),All Time Low,6kGBKDnZL3F0SZhXFCHg5m
Come One Come All,All Time Low,4Ri0xUQVY9lkaR3gxotwJQ
Poppin' Champagne,All Time Low,2vMHconU0MPAnjh7FFQV2u
Poppin' (Video Mix),All Time Low,3pDNgJhXOyHwocCTI0VNc8
Six Feet Under The Stars (Acoustic),All Time Low,32zTrU13WFPoWoPv0wKuXM
Let It Roll (Connect Sets Acoustic),All Time Low,6ft2uNDjZuSN6ugsL2eKI3
Stay Awake (Dreams Only Last For A Night) (Acoustic),All Time Low,5SbnXTf7PDHjEjTo2kqhRD
Coffee Shop Soundtrack,All Time Low,4K09SdQoXx5e3NDQKqNQai
Break Out! Break Out!,All Time Low,4UPMxKqlxdGRelKwTH8dWc
The Girl's a Straight-Up Hustler,All Time Low,4L7ZKNnrAvSZDfTGsGsDMa
Jasey Rae,All Time Low,4kulylefFdMugHJokWU9lc
The Party Scene,All Time Low,0KXNWL02NswmN9gDyPCPG9
Running From Lions,All Time Low,7xyiVGD6wP114goNQ5FjM2
Lullabies,All Time Low,0bXttSh293yQTOgXlafzwg
Coffee Shop Soundtrack (Acoustic Remix),All Time Low,4XTTk7pb89Jsubw4plER15
Jasey Rae (Acoustic),All Time Low,6BwJLmS6KC7xOADo74vL6q
The Reckless And The Brave,All Time Low,6paPOnv74GDnzRxsLeSthj
Backseat Serenade,All Time Low,0WKIGF4Bm3YdjIq4n0ID9x
If These Sheets Were States,All Time Low,6i98XCbnmBVUPqKApjeT9p
Somewhere in Neverland,All Time Low,4o030RTUiWEbE1x3IIMbKh
So Long Soldier,All Time Low,4rErBOyj2FS9EVzZZGGZtW
The Irony of Choking on a Lifesaver,All Time Low,0x5llMmSB57EC6HJSDJM1U
To Live and Let Go,All Time Low,5lVdGChswnVeJu95CzdChy
Outlines,All Time Low,3FgoBD3inWsLkQKCYdUeJk
Thanks to You,All Time Low,3qn6V6EqjIimErMXDS8zmI
For Baltimore,All Time Low,4bKE8zuzZg8e3fNdpK7QY9
Paint You Wings,All Time Low,3ldU8NwsEm6qJBEhRmjFvK
Cynical,blink-182,0oOOVSZGuPriWBqwbh0uuJ
Bored To Death,blink-182,44TuSOP6xIAEeJmZsN3nXO
She's Out Of Her Mind,blink-182,6EE19skJ32p58xihYj2Waa
Los Angeles,blink-182,1kVWn6BRzI9CwGz2vwmXlH
Sober,blink-182,3XNwHDhzksSGjQf2jBCsih
Built This Pool,blink-182,1oBECT3z0l4yfVnUjzen8M
No Future,blink-182,5Uwm4pdpaaW3yari6ymMTT
Home Is Such A Lonely Place,blink-182,7fYOZjdpOv8dBtzPnXysOG
Kings of the Weekend,blink-182,6ndjTv3CjbsbefFfYk7UQk
Teenage Satellites,blink-182,67xAnaQ4MxboDsl8kKRup0
Left Alone,blink-182,4GWOuX0NMBTLKyUb8aLHnL
Rabbit Hole,blink-182,7I1kCwxYTKdhGmYxvB9uBB
San Diego,blink-182,68jM3HGqCToav6bsNY2slc
The Only Thing That Matters,blink-182,6MwPuDc52KxhkPvccmU5rE
California,blink-182,08aMpsxjozNNQPVnnE1QaC
Brohemian Rhapsody,blink-182,49gkxU2Vpse5FLfJ9sSJxf
Dumpweed,blink-182,4N6iEr3Oobk4jVVEh9ygn5
Don't Leave Me,blink-182,5W6LJxa23Xt7dow83hG5WQ
Aliens Exist,blink-182,4PKAp5irWLIfLZFOVWMbHw
Going Away To College,blink-182,64QLntN62h7W0KbxZoVwjd
What's My Age Again?,blink-182,2NsKhDL5j4qxaOgJIBqdOG
Dysentery Gary,blink-182,293NWe3JKXn904eHxKU1Bh
Adam's Song,blink-182,2GcqYrJxJCnkJVA4v2WXqt
All The Small Things,blink-182,6GNlT9P0NuFUplvZGH9zRo
The Party Song,blink-182,5ynzQzhonxOdkDGQpHCp7z
Mutt,blink-182,7Je4m7EgRI34dKCvgUOdzV
Wendy Clear,blink-182,4eYTby1TMwXayO039ObOpJ
Anthem,blink-182,2yCPM4F3shgUY3rRJZWHz5
Anthem Part Two,blink-182,4o9O3aiCsE1iaMSjwoEHJp
Online Songs,blink-182,7xOJixgpPLcYW5gvPDXdcc
First Date,blink-182,4NsJS1tciWLK0pZLtPES6W
Happy Holidays You Bastard,blink-181,6uEu3mF5Nxm7ujNy0Rvrve
Story Of A Lonely Guy,blink-180,1xZcIZlu7kGndYqq8AKzEQ
The Rock Show,blink-179,1y3Z4tKZQPFX5m1elQmLtR
Stay Together For The Kids,blink-178,3TFPlTKrCfxOzOfJNDxvdS
Roller Coaster,blink-182,42ifTD3sKwoyxzIXBJmc9O
Reckless Abandon,blink-182,3jZbtJiHPCShGx3kQyBBYb
Every Time I Look For You,blink-182,7wAnC0WwetaLHntQWaaW1y
Give Me One Good Reason,blink-182,1x8kVjtVDhOIfc1ptdARib
Shut Up,blink-182,6eovHwtlhyD6lxK7r16rgL
Please Take Me Home,blink-182,2UPLPKOEIDQxEyzGCjYKcZ
Feeling This,blink-182,25p2VHmNNcGGC3rRriVhPO
Obvious,blink-182,4DPkRZGV0UUGmlvZJcl0vt
I Miss You,blink-182,5Gwn3Cotsfp59hL3MullER
Violence,blink-182,3j1ZlyQPXEstxpu85pUTyQ
Stockholm Syndrome Interlude,blink-182,1WCFG6qSHKqki8M09tbmf8
Stockholm Syndrome,blink-182,7JI0gnXpcKsmQpja3rOrQe
Down,blink-182,2IfBdXshgLL2uNeaFIzFu9
The Fallen Interlude,blink-182,5KhGwxsR6UJ3PXA6aGMGNi
Go,blink-182,4KVeyrcU1JHFTiIOyhtyb7
Asthenia,blink-182,3MA1vUPvxTtgQDUYH4sogY
Always,blink-182,2MiindcsZUEClU4h6ZnzCz
Easy Target,blink-182,2IBaqfPEaywoT3krmfzVXI
All Of This,blink-182,5gUxSHOC8iMlr24RYEHuPJ
Here's Your Letter,blink-182,2nC6UudJ6dxDNibyNKsW4E
I'm Lost Without You,blink-182,2satyT5KUoiETnimRvlZrJ
Way Away,Yellowcard,63IIUzd6eJBfCGIcF8MFnJ
Breathing,Yellowcard,0DxN6Ywom8nnndyQXdSBPy
Ocean Avenue,Yellowcard,23oxJmDc1V9uLUSmN2LIvx
Empty Apartment,Yellowcard,1P30N7kY4XwOw7vwmjRxPH
Life Of A Salesman,Yellowcard,3aF2TiQRip2lJ4ICh1Okbh
Only One,Yellowcard,0gZp88SA5OcujHLDGkxtI3
Miles Apart,Yellowcard,18eq41lcx45De3EvIl4t7J
Twentythree,Yellowcard,7GU02aRkx97N5xtes203Xq
View From Heaven,Yellowcard,7csA0DPfWfQMnFypUMqWEQ
Inside Out,Yellowcard,0Zlqe9qOaYcOtmr5l9pnpn
Believe,Yellowcard,7r6KgeFLSGJqbu90KJg1Bv
One Year Six Months,Yellowcard,7cADRJ05LekX8qqSkJkNRH
Back Home,Yellowcard,74CZd8Sqdyh5vs7Zni81fy
Three Flights Up - Instrumental,Yellowcard,4ruuCpfSmQZtVhRb4O1SP2
Lights And Sounds,Yellowcard,3aIJWGRKtU2WPFiM9RPKuB
Down On My Head,Yellowcard,3nMQ5eQUKM9auW8dgYNRmf
Sure Thing Falling,Yellowcard,6xnlHsLoFMxP7V7WigrPtz
City Of Devils,Yellowcard,4YoiXmDyInMJJw4wRHq0Hd
Rough Landing Holly,Yellowcard,6DwUbVkWq5lDaPIeIXdVbv
Two Weeks From Twenty,Yellowcard,0mpgw30g2n3HbOsyJ5riyU
Waiting Game,Yellowcard,5Bz6BM6gGOc4fmZCvJSlSH
Martin Sheen Or JFK,Yellowcard,2pnl2Odkyu8Nhuwr1ncRdh
Space Travel,Yellowcard,5wdU0n9Kb1mL8Svz5suiWV
Grey,Yellowcard,2ZLXAgYnmyqITPLd2o2bGm
Words Hands Hearts,Yellowcard,5ZFx8FX7yCP4w3Z35eaDz0
How I Go,Yellowcard,0Vco8nqZbsqHOIZqY2BbET
Holly Wood Died,Yellowcard,6orQ3GwyA4k6VO7UvpTPjN
Three Flights Down,Yellowcard,24JkMpkr3N3PNr8DwkfVMP
In Fate's Hands,The Red Jumpsuit Apparatus,0r6DsDv0wkIGpVBUqaV15E
Waiting,The Red Jumpsuit Apparatus,2pOnVLhguZdF7Fapwh58HP
False Pretense,The Red Jumpsuit Apparatus,2ZICF8SFI5tHttaLJKMY1X
Face Down,The Red Jumpsuit Apparatus,4wzjNqjKAKDU82e8uMhzmr
Misery Loves Its Company,The Red Jumpsuit Apparatus,32HmWw6WfFqpWUv4qDAuKs
Cat And Mouse,The Red Jumpsuit Apparatus,4aZirFFDJlUUuvhpjY5cAH
Damn Regret,The Red Jumpsuit Apparatus,44HdPuYShZtHgSqn7kssgT
Atrophy,The Red Jumpsuit Apparatus,1ufWReCVh5WKMUXFksArB7
Seventeen Ain't So Sweet,The Red Jumpsuit Apparatus,5IDX0MHaL3YTD53qWDphYZ
Justify,The Red Jumpsuit Apparatus,7J0FkNCpP4fZsRaamSrlzd
Your Guardian Angel,The Red Jumpsuit Apparatus,2Guz1b911CbpG8L92cnglI
Dirty Little Secret,The All-American Rejects,3GH73cL5V68U0mMXOTnqF3
Stab My Back,The All-American Rejects,3LU46uFApLAeTF9q9IySFM
Move Along,The All-American Rejects,3msXysuxoiWk3kXXafo57T
It Ends Tonight,The All-American Rejects,2z1yyIX24ExLJCdVSBivYk
Change Your Mind,The All-American Rejects,1nvErGPVTH9c4L1211o2zn
Night Drive,The All-American Rejects,1yc6MkKsiwmTYWElZHQ6Gx
Dance Inside,The All-American Rejects,6IdgXRPQS1EL6TOBdnaiIi
Top Of The World,The All-American Rejects,2OWQ4q2YCXsaqBqPSTQmMp
Straightjacket Feeling,The All-American Rejects,00GIEePaWvA8PYKlvwszIO
I'm Waiting,The All-American Rejects,3c5HVVkx4MF6iEyJsFen2L
Can't Take It,The All-American Rejects,7Dt29zYaLorZqVTKfJ5nPe
Dirty Little Secret - Live From The Wiltern,The All-American Rejects,3htKW6DkA0mZPg9yPmX1JE
Top Of The World - Live From The Wiltern,The All-American Rejects,561pQyxgSKnxeoJebYQyQK
Night Drive - Live From The Wiltern,The All-American Rejects,0gN4R6Jjq2gDM3ZMp5d7qy
It Ends Tonight - Live From The Wiltern,The All-American Rejects,5mnUQDJpxcmqSNOjMSfoXP
Move Along - Live From The Wiltern,The All-American Rejects,0HLOFcE7PoUMDzDWlrQ0lP
My Paper Heart,The All-American Rejects,2CCaFbnGcOkSZIkgdmvXcP
Your Star,The All-American Rejects,2NHv3s3OijktUFGKUpsZ0j
Swing Swing,The All-American Rejects,4jVhSbMMHctghoOTFuLPB2
Time Stands Still,The All-American Rejects,6JmamKSjq9oybkjm5xYryW
One More Sad Song,The All-American Rejects,5ecyhbCHB8Gei5a2vCfn1b
Why Worry,The All-American Rejects,7fFuGSiMOc42A5nshYl2cF
Don't Leave Me,The All-American Rejects,007wnguCXaI31ixwGhNOGh
Too Far Gone,The All-American Rejects,52yAsuUchcrDDbNCbFCP96
Drive Away,The All-American Rejects,0z5HpYHAoLtrSZTZEVWxoi
Happy Endings,The All-American Rejects,0ddBq0ohiGBoc6PZvkMjZp
The Last Song,The All-American Rejects,1agT1o2mpJ3GHusAE8q0FX
A New Beginning,Good Charlotte,6DQ5GjRhrJsbfxFv6MicDM
The Anthem,Good Charlotte,0BRHnOFm6sjxN1i9LJrUDu
Lifestyles of the Rich & Famous,Good Charlotte,2g2a5kDeZexbUTD8abcvm6
Wondering,Good Charlotte,2dnncNWW2qbUiFRcc9an9p
The Story of My Old Man,Good Charlotte,6y0iIbcfTlyLNWqvJi5H2h
Girls & Boys,Good Charlotte,65mxB9IWpmVo4qUjdGSxRB
My Bloody Valentine,Good Charlotte,3tAVOTf1AqN3vBpkocy7MA
Hold On,Good Charlotte,3UyL1yzD5B1nIaFJRs4W8r
Riot Girl,Good Charlotte,2KMDfsg8GNxW5Y6CJ4KLBL
Say Anything,Good Charlotte,3ou5YecZiZ83YD8Hfx9bFC
The Day That I Die,Good Charlotte,5G2nexUjWXVbNmk6lAwfOX
The Young & the Hopeless,Good Charlotte,2vfo7RvInNxLISPDif4mC2
Emotionless,Good Charlotte,0eYcZLnlLKaItC1WC4B1pc
Movin' On,Good Charlotte,1Xe60e0PBipjujtaeEG7JG
Good Morning Revival,Good Charlotte,6NwmrWmtd2RdTFLDWOfSw9
Misery,Good Charlotte,2RgUOsDBwyBx6WOjYI4XlM
The River,Good Charlotte,0tSUeGEULqan1qpCkBZNxo
I Don't Wanna Be In Love (Dance Floor Anthem),Good Charlotte,5hVf2dxmCbbWhoOC3iNcWL
Keep Your Hands Off My Girl,Good Charlotte,5vQaSPOYTprxs0iSkDNFdQ
Victims of Love,Good Charlotte,0Mjdd4EdNkQABTMg61z9ZH
Where Would We Be Now,Good Charlotte,3GWvs8JZx8r2d23Jkc02Wy
Break Apart Her Heart,Good Charlotte,1HqQkTI1UfQX5CANSS1jiM
All Black,Good Charlotte,3e7jaPGyI0X4wO9nJu6KBh
Beautiful Place,Good Charlotte,3e2YSNPxE38shTVxDiCkGC
Something Else,Good Charlotte,3Tfn783TYHGMHqQzFwx3HB
Broken Hearts Parade,Good Charlotte,3eMKTWf2gzCZWCmfCizyhW
March On,Good Charlotte,6uwPO3ViqMwwz7o39Sw2ws
Good Charlotte and the Good Morning Revival,Good Charlotte,2fvMbO0T5NPeR8rYdTJUlk
Secret Valentine,We The Kings,4VkmznX7ExRZX2U9XO46oS
Skyway Avenue,We The Kings,3RQFICPJMsBazO66qK808s
Check Yes Juliet,We The Kings,0wVluBsVAVzBKrqspuCcwR
Stay Young,We The Kings,5gtzkgm9piIxiQLRcn9Hth
Whoa,We The Kings,1FGZUlkPPnqBuYXU8yOzo2
August Is Over,We The Kings,1SfJkBuUtZOSGKgrZrqAtZ
The Quiet,We The Kings,7DTqRBBGpSZe8T8tpTdVXj
Don't Speak Liar,We The Kings,13wZGnOr0L2bV0bVwvaMIU
Headlines Read Out...,We The Kings,7p0aEgvdphf2IMC3md8p8S
All Again For You,We The Kings,1zMc2ZD35IDeYlNANbnF0w
This Is Our Town,We The Kings,07VACtl4HPs7mQUgrrlENO
Queen of Hearts,We The Kings,2175SEVUYi90KNKHX4NqmV
Find You There,We The Kings,6nAdFlHrqw7dtQ9a4ghwZv
I Feel Alive,We The Kings,5FEsT0nDCESeX9Zkyg1FJz
I Like It,We The Kings,41ZDynaInoPHwPmvIy2ba6
That Feeling,We The Kings,31j66L98mTUsGpJIvR3ZZV
See You in My Dreams,We The Kings,3C9zujGPYjCR2WuEM2do7L
Die Young Live Forever,We The Kings,7BpZLiv92o6VK7hS3aRHn9
Phoenix Hearts,We The Kings,4SsOSzSjwMAsTXGcFVq2qB
Any Other Way,We The Kings,5PNzt1Rvt7PUVaGhbq0OVt
Say It Now,We The Kings,5YNbx9JMVZyGpfEtOOYZL0
Art of War,We The Kings,5Sr6VGReaL7Wg2duAWIbOI
Sad Song (feat. Elena Coats),We The Kings,05CrK6Q5VGtfPDtyQFJ4Kf
Just Keep Breathing,We The Kings,4sOLr3sR4pbDzNdLQUiesp
Friday Is Forever,We The Kings,7IGx0HCIHaqXbWqZdoNxTJ
Say You Like Me,We The Kings,6MqVzYyReYtY0Sgw9alj5I
Every Single Dollar,We The Kings,7bt8hryKaLf14maLdUPlTk
The View From Here,We The Kings,4E3JnTQ3Go7j7T3JHLbFyb
The Secret to New York,We The Kings,0RgZg7per1gaCAvEv3gHJq
Sleep With Me,We The Kings,4YkPGCWnj3YcOOMis8Zq8y
Over You,We The Kings,1lUjD3Ht4Em5jMJPdVCS6y
Kiss Me Last,We The Kings,0nFuLaz5RApe8IRT9wlDdd
Somebody To Call My Own,We The Kings,5HK5RjWZMRku1G32yy4SYG
You and Only You,We The Kings,7bnGk67fzY2UDeIswBRaCb
Summer - Bonus Track,We The Kings,6kgd1meHx7ClXhALnCrlQr
The One I'm Waiting For,Relient K,1z8BPonyULx5OkmhJv3rOR
Be My Escape,Relient K,1N53OVZ4AK6VQiJAnoHXZH
High of 75,Relient K,6iaRcLDFh98pNdtZwArQQF
I so Hate Consequences,Relient K,1LwA3KQO7fXQCnbPAuaTwc
The Only Thing Worse Than Beating a Dead Horse Is Betting on One,Relient K,2oUknN4aGwbPTYQL4Y6HjA
My Girl's Ex-Boyfriend,Relient K,4m7JL0J5oRGf0ltymbcqyA
More Than Useless,Relient K,631jq4Sr3qp6WHotuUwR8E
Which to Bury; Us or the Hatchet?,Relient K,3PE4Vr5Hoo6mgaCun6vtkd
Let It All Out,Relient K,1uJsdFnaGEDO6AJ9hc5GPi
Apathetic Way to Be,Relient K,0xA67eGwJJBO3UyLH2wXLI
Who I Am Hates Who I've Been,Relient K,5IJ8zejzno53JDCXvtYGGl
Maintain Consciousness,Relient K,33YmkFXlpbWfkiPkZArUNX
This Week the Trend,Relient K,3rShMRl74zzihWmctgkZE8
Life After Death and Taxes (Failure II),Relient K,6e9NS1PK5LWQJUH12oOGRF
When I Go Down,Relient K,5QVEjWPVlr9ff3QEY3ZpZa
Mmhmm,Relient K,17eS5EuReWehqA1SE49E0c
The Truth,Relient K,1MSuQ6Q9B8fq0XInNMSEuY
Be My Escape,Relient K,0xTjvuX8IAXDvRwrCx6bYg
I so Hate Consequences (Live at Capitol Studios),Relient K,1A6AqpkONccYdPPCPfOIgH
Which to Bury: Us or the Hatchet (Acoustic),Relient K,4SdnWbWd94PcW6IjY0NevN
Who I Am Hates Who I've Been (Acoustic),Relient K,2fniOP9ux7DxuX97vIAi8O
The Thief,Relient K,5zeFDHdDjciSOZkybCdf0Y
Manic Monday,Relient K,4fIXgrmqHN0et61dkvKkfe
Kick-Off,Relient K,72dE2uLkFQCecJCesjr7Rf
Pressing On,Relient K,3zIJObESw1Z8OaA7sfjwFk
Sadie Hawkins Dance,Relient K,5pZXriIfUJ5G0MiuoIkiww
Down In Flames,Relient K,0Bqh2xRpzyRBaZT9GRN5vn
Maybe Its Maybeline,Relient K,4lf1JnomusCjxYgALYHJjc
Breakdown,Relient K,3TgRfRTwSJhJxwf0y9aZaJ
Those Words Are Not Enough,Relient K,20Quta3XFaxbZzOlJXPvt0
For Moments I Feel Faint,Relient K,5nRdpIWQuoyAWe6ruYzoEU
Lion Wilson,Relient K,3uAPU3u6ZoXJuDt8MufxJN
I'm Lion-O,Relient K,55q8t5VXmjkJCcmCDegOS1
What Have You Been Doing Lately?,Relient K,0uJ8TLykFIQQGKHSwaqyfG
May the Horse Be With You,Relient K,0oyAXUPF45ImyKh5uWSrSM
My Way Or the Highway,Relient K,4v9M8iGPZDVycAgxQn36ea
Breakfast At Timpani's,Relient K,2bu5NAmCYg7o3FLzwocopC
The Rest Is Up to You,Relient K,0WhJkZP2ZAT6QPrKE6QOtX
Failure to Excommunicate,Relient K,4X6axS72W4anTwMvpOTrfx
Less Is More,Relient K,1XyEKaxKoMv3p5lvtpQV0c
Pleading the Fifth (A Cappella),Relient K,4yfam4heBRpSkADrCZYtB9
Come Right out and Say It,Relient K,3C45TMJ8NFmfjsSxjLm5Tv
I Need You,Relient K,2be1tpDcVU0Y47r3tPzu3R
The Best Thing,Relient K,6jAJhhdBoZ42bdSeRIfT0m
Forgiven,Relient K,2hcc0DNGS3ewYWrKYMDvcT
Must Have Done Something Right,Relient K,7H0OWqybanoiXV9HZKfwBh
Give Until There's Nothing Left,Relient K,2RcbdAWtPoQsCDpVD2edMt
Devastation and Reform,Relient K,3CUCOUhU9kD4mb4zlUgtV7
I'm Taking You With Me,Relient K,2p8khMQ2DsUCnl34wDdcUi
Faking My Own Suicide,Relient K,0iwUThwbeSMxou6a6AoYE9
Crayons Can Melt on Us for All I Care,Relient K,7qrzWSFtiBmyhzklb4ko4u
Bite My Tongue,Relient K,5KOzcDbRKRiUkQioHJD1mb
Up and Up,Relient K,4X8PrIUuZyRUqUx4EYZzAF
Deathbed,Relient K,6w4THHxSQClnujO6w74ho1
Bummin',Relient K,6XSSJFhoM5smuPHjO9BKgm
Local Construction,Relient K,5QXWe7F1czQjzeTPkjEZes
Mrs. Hippopotamuses',Relient K,185QRPHLcApZGgThcq5m8O
Cat,Relient K,1erNrve5bvt6q3qO4oFtE8
Man,Relient K,0xJV90vbv64dgkPb9vqnWP
Air for Free,Relient K,7uvrlXa924V1IPpCzyekqN
God,Relient K,5vyKc7Qr8XGv2aVqWMlkKX
Elephant Parade,Relient K,0Wg79eRiB7ZcENwQqhjhJd
Mountaintop,Relient K,0xTeXPqhIeMe6fwXsZdjnJ
Sleepin',Relient K,0A0wDYSOrhf4Ba3rL20VAt
Empty House,Relient K,646CBJqZp2luRWvfnpeJrT
Flower,Relient K,1ju498yzmTfTt9F6HiMive
Marigold,Relient K,2vqCJpoyIjWZsdgta0KAHM
Runnin',Relient K,2XEqlHhXJ7KSeIN96L3e8G
Prodigal,Relient K,7nXzTImF8U5sgIo43GFmEL
Heartache,Relient K,2ycg35YLzzBFwk4mY8Ubz6
Jamie All Over,Mayday Parade,05qCCJQJiOwvPQBb7akf1R
Black Cat,Mayday Parade,6NP5mne71yGCzjQWr6jQ7S
When I Get Home You're So Dead,Mayday Parade,6QitaJF6Vj2O8sxf8VxsRI
Jersey,Mayday Parade,6gxupt6imt0qIdbE8e356n
Miserable At Best,Mayday Parade,1ONoPkp5XIuw3tZ1GzrNKZ
Walk On Water Or Drown,Mayday Parade,7k1nk4lxKSVhXs5WgZWXEz
Ocean And Atlantic,Mayday Parade,4lDaP74lf9mV8B6zbq43l4
I'd Hate To Be You When People Find Out What This Song Is About,Mayday Parade,2GqErXeaEUrFzlPs1S1SFW
Take This To Heart,Mayday Parade,6kQT5Ze4gofkzHEEyp2uEa
Champagne's For Celebrating (I'll Have A Martini),Mayday Parade,33ABcIWvTPoFden0sD7qki
Oh Well Oh Well,Mayday Parade,4v1DBjXexqj9YCvGKOWEY1
No Heroes Allowed,Mayday Parade,2BHx0RhP32QvEDtTmXf3wO
When You See My Friends,Mayday Parade,5M7OvJqw8FvIr4jLJLwCi1
You're Dead Wrong,Mayday Parade,2ZfRaS9IbIDgMXAc2j4KCS
Priceless,Mayday Parade,7Ab51NCWADbkYjpdhUN3Mw
Stay,Mayday Parade,5qFmtU2b7EvbhFG8NZOffH
Call Me Hopeless But Not Romantic,Mayday Parade,3xVC56rIYsxy1bMuf5ijpA
A Shot Across The Bow,Mayday Parade,25jTIXPUO7BeWiqc4UDLzA
Everything's An Illusion,Mayday Parade,440xG6NJUNhha53kmvOL1U
I'd Rather Make Mistakes Than Nothing At All,Mayday Parade,5CkonI0q9wWVaigAjSxSVq
Without The Bitter The Sweet Isn't As Sweet,Mayday Parade,1bOoGwUyHrkG1DqQm5GPMa
Happy Endings Are Stories That Haven't Ended Yet,Mayday Parade,5FTiO17sveYo0yPxRtISdT
When You See My Friends (Acoustic),Mayday Parade,0cLFO9z5cZMFoQJrwuiaOz
Never Sure,Mayday Parade,4V4H6WIDHizgIlo8K1h5B5
It's Hard To Be Religious When Certain People Are Never Incinerated By Bolts Of Lightning,Mayday Parade,4Baiha56S48TBgyEWU35D3
Piece Of Your Heart,Mayday Parade,2ZMHNMMft1Yp6nLPjR4zM9
Is Nowhere,Mayday Parade,3gYmxPUPKfn0QqjsJfPU3e
Take My Breath Away,Mayday Parade,7wtmaB8TOVjItfBcBP59TL
Stay The Same,Mayday Parade,4VsTo51LPw8Lk0ziSVetBy
How Do You Like Me Now,Mayday Parade,3p67c5u5t35utXr2Q5o9Uh
Where You Are,Mayday Parade,1PGswfNrbdwttWAsQVcDsE
If I Were You,Mayday Parade,0jc0Eyh9BJpnzMwcBe6l8K
Satellite,Mayday Parade,28MDiD9etcHOYhdADh2tI4
Looks Red Tastes Blue,Mayday Parade,7itYSYvjxlKqnjVJzfVi2O
Always Leaving,Mayday Parade,5vzoiQE2cXQalI7FzI8Qyf
Sunnyland,Mayday Parade,2v81djWsSwibNmYp5hMxBu
Sick Of It All,The Distillers,00dIhpeebdrRaWuWYKd2xU
I Am A Revenant,The Distillers,6zinbVV2aPFGzrkMPLJ94y
Seneca Falls,The Distillers,1wDfhmlEvVEbQnEIdMRfvf
The Young Crazed Peeling,The Distillers,4T93qTth72wCHwKxys0znw
Sing Sing Death House,The Distillers,5fBlY5E3hM7aKdmIoUhJ78
Bullet And The Bullseye,The Distillers,4FyvG8Rp40JkJXGbVFsYLY
City Of Angels,The Distillers,0sAIljILdEo8Ku4tPLQ7dF
Young Girl,The Distillers,0ovUVWGBqJ5o0IQptfZpAM
Hate Me,The Distillers,1zlfdHciUhDwIFCliT40bc
Desperate,The Distillers,77iihpbLFdmZuS9nGQuemg
I Understand,The Distillers,21L6zvJVm9jWldM2u2UynY
Lordy Lordy,The Distillers,4kzUrAXnW1rJXOEiidnNyp
Zero,The Smashing Pumpkins,1o2jjiTtiVJEtQyYzcRHnm
Zero,Yeah Yeah Yeahs,5mfA2CBzQeGiTk9wFItCsS
Rich,Yeah Yeah Yeahs,4Gftp5rlHPr4De1zbqmrJW
Date With The Night,Yeah Yeah Yeahs,21M6YAySMPv9qQwtqIL42A
Man,Yeah Yeah Yeahs,73VffP4oQX941CxozOP15l
Tick,Yeah Yeah Yeahs,70wjzLOzedJOSTFsWZA7fh
Black Tongue,Yeah Yeah Yeahs,6wCt82Pp95RuPX64Tn7frk
Pin,Yeah Yeah Yeahs,7JJSLbkldvSxxmvM9JLOt0
Cold Light,Yeah Yeah Yeahs,7at9CaHEFTsV3J5KXSYzSc
No No No,Yeah Yeah Yeahs,7MjCrcsgMSVPRiIuCBtmK0
Maps,Yeah Yeah Yeahs,5ypaZzzhcVYoy8BYSkbfih
Y Control,Yeah Yeah Yeahs,7AlWVgCBCZtjYGayAqYLPH
Modern Romance,Yeah Yeah Yeahs,3C6b3tB0YpGNyLKcVplrtV
Poor Song,Yeah Yeah Yeahs,1RxQPRnSbq13hMic24x6uQ
Complicated,Avril Lavigne,5xEM5hIgJ1jjgcEBfpkt2F
Sk8er Boi,Avril Lavigne,00Mb3DuaIH1kjrwOku9CGU
My Happy Ending,Avril Lavigne,6sqNctd7MlJoKDOxPVCAvU
Girlfriend,Avril Lavigne,5HbCnVLXRyZVxnreOPgJCK
Here's to Never Growing Up,Avril Lavigne,1rdreHH1v6kyrx2mFQvLR4
I'm with You,Avril Lavigne,1jlG3KJ3gdYmhfuySFfpO1
What the Hell,Avril Lavigne,5zTzDqrEmseqL2G8ElgBu7
When You're Gone,Avril Lavigne,4kxND2rbPDrdb7Sgoo1Fbh
Nobody's Home,Avril Lavigne,0cZDC7uxNK8lqQ3GgyvCnD
Let Me Go,Avril Lavigne,5j4cgy45JB15wT9wPNI3rp